Date,Cotton
2013-01-01,70.66
2013-01-02,75.53
2013-01-03,75.68
2013-01-04,74.95
2013-01-05,75.22
2013-01-06,75.42
2013-01-07,75.68
2013-01-08,75.12
2013-01-09,74.81
2013-01-10,75.03
2013-01-11,75.61
2013-01-12,75.57
2013-01-13,75.57
2013-01-14,75.51
2013-01-15,76.18
2013-01-16,77.17
2013-01-17,77.81
2013-01-18,78.72
2013-01-19,78.71
2013-01-20,78.72
2013-01-21,79.36
2013-01-22,79.96
2013-01-23,80.47
2013-01-24,82.34
2013-01-25,80.76
2013-01-26,81.06
2013-01-27,81.23
2013-01-28,81.33
2013-01-29,82.43
2013-01-30,83.03
2013-01-31,83.03
2013-02-01,83.04
2013-02-02,82.56
2013-02-03,82.11
2013-02-04,81.61
2013-02-05,81.79
2013-02-06,81.95
2013-02-07,81.44
2013-02-08,82.74
2013-02-09,82.69
2013-02-10,82.74
2013-02-11,82.89
2013-02-12,81.61
2013-02-13,81.11
2013-02-14,80.98
2013-02-15,81.27
2013-02-16,82.04
2013-02-17,82.77
2013-02-18,83.5
2013-02-19,84.29
2013-02-20,84.48
2013-02-21,83.11
2013-02-22,82.96
2013-02-23,82.56
2013-02-24,82.18
2013-02-25,81.73
2013-02-26,81.89
2013-02-27,84.54
2013-02-28,85.18
2013-03-01,85.53
2013-03-02,85.84
2013-03-03,86.15
2013-03-04,86.45
2013-03-05,87.01
2013-03-06,87.32
2013-03-07,86.28
2013-03-08,86.78
2013-03-09,86.81
2013-03-10,86.87
2013-03-11,86.89
2013-03-12,87.33
2013-03-13,88.53
2013-03-14,90.93
2013-03-15,92.57
2013-03-16,91.87
2013-03-17,91.34
2013-03-18,90.77
2013-03-19,91.04
2013-03-20,89.07
2013-03-21,88.29
2013-03-22,87.11
2013-03-23,87.04
2013-03-24,86.89
2013-03-25,86.63
2013-03-26,87.84
2013-03-27,88.56
2013-03-28,88.39
2013-03-29,88.14
2013-03-30,87.89
2013-03-31,87.65
2013-04-01,87.29
2013-04-02,88.57
2013-04-03,89.11
2013-04-04,88.15
2013-04-05,86.71
2013-04-06,86.28
2013-04-07,85.77
2013-04-08,85.26
2013-04-09,84.64
2013-04-10,85.46
2013-04-11,84.64
2013-04-12,85.99
2013-04-13,85.3
2013-04-14,84.75
2013-04-15,84.21
2013-04-16,83.36
2013-04-17,84.57
2013-04-18,83.46
2013-04-19,83.34
2013-04-20,84.23
2013-04-21,85.04
2013-04-22,86.02
2013-04-23,84.88
2013-04-24,82.99
2013-04-25,83.42
2013-04-26,84.32
2013-04-27,84.85
2013-04-28,85.4
2013-04-29,85.89
2013-04-30,87.53
2013-05-01,83.93
2013-05-02,85.66
2013-05-03,86.28
2013-05-04,86.63
2013-05-05,87.0
2013-05-06,87.42
2013-05-07,87.13
2013-05-08,87.71
2013-05-09,87.72
2013-05-10,86.65
2013-05-11,86.52
2013-05-12,86.33
2013-05-13,86.07
2013-05-14,86.82
2013-05-15,86.49
2013-05-16,86.14
2013-05-17,86.35
2013-05-18,86.11
2013-05-19,85.89
2013-05-20,85.81
2013-05-21,83.96
2013-05-22,83.44
2013-05-23,81.68
2013-05-24,81.57
2013-05-25,81.55
2013-05-26,81.51
2013-05-27,81.48
2013-05-28,81.5
2013-05-29,80.71
2013-05-30,80.37
2013-05-31,79.38
2013-06-01,80.5
2013-06-02,81.46
2013-06-03,82.35
2013-06-04,84.39
2013-06-05,83.35
2013-06-06,84.79
2013-06-07,84.75
2013-06-08,85.45
2013-06-09,86.1
2013-06-10,86.69
2013-06-11,88.11
2013-06-12,90.08
2013-06-13,91.75
2013-06-14,90.15
2013-06-15,89.61
2013-06-16,89.02
2013-06-17,88.49
2013-06-18,86.96
2013-06-19,86.67
2013-06-20,85.37
2013-06-21,84.54
2013-06-22,84.16
2013-06-23,83.75
2013-06-24,83.18
2013-06-25,84.8
2013-06-26,84.06
2013-06-27,84.0
2013-06-28,84.32
2013-06-29,84.7
2013-06-30,85.08
2013-07-01,85.53
2013-07-02,84.89
2013-07-03,85.42
2013-07-04,85.42
2013-07-05,85.17
2013-07-06,85.25
2013-07-07,85.31
2013-07-08,85.33
2013-07-09,85.74
2013-07-10,86.62
2013-07-11,84.92
2013-07-12,85.07
2013-07-13,85.06
2013-07-14,85.06
2013-07-15,85.1
2013-07-16,84.53
2013-07-17,83.74
2013-07-18,84.72
2013-07-19,85.95
2013-07-20,85.98
2013-07-21,86.1
2013-07-22,86.26
2013-07-23,85.89
2013-07-24,85.82
2013-07-25,85.95
2013-07-26,85.12
2013-07-27,85.04
2013-07-28,84.91
2013-07-29,84.74
2013-07-30,85.07
2013-07-31,85.17
2013-08-01,85.43
2013-08-02,85.08
2013-08-03,85.12
2013-08-04,85.14
2013-08-05,85.1
2013-08-06,85.7
2013-08-07,88.11
2013-08-08,89.29
2013-08-09,88.86
2013-08-10,89.39
2013-08-11,89.86
2013-08-12,90.29
2013-08-13,91.39
2013-08-14,91.35
2013-08-15,91.74
2013-08-16,92.91
2013-08-17,92.68
2013-08-18,92.56
2013-08-19,92.75
2013-08-20,88.87
2013-08-21,84.0
2013-08-22,84.28
2013-08-23,84.18
2013-08-24,84.33
2013-08-25,84.47
2013-08-26,84.66
2013-08-27,84.11
2013-08-28,83.74
2013-08-29,83.33
2013-08-30,83.57
2013-08-31,83.37
2013-09-01,83.2
2013-09-02,83.03
2013-09-03,82.86
2013-09-04,82.7
2013-09-05,82.36
2013-09-06,83.18
2013-09-07,83.26
2013-09-08,83.39
2013-09-09,83.46
2013-09-10,84.38
2013-09-11,84.22
2013-09-12,84.74
2013-09-13,84.32
2013-09-14,84.28
2013-09-15,84.22
2013-09-16,84.13
2013-09-17,84.29
2013-09-18,85.49
2013-09-19,84.64
2013-09-20,84.58
2013-09-21,84.46
2013-09-22,84.35
2013-09-23,84.19
2013-09-24,84.56
2013-09-25,84.64
2013-09-26,85.54
2013-09-27,86.64
2013-09-28,86.72
2013-09-29,86.88
2013-09-30,87.09
2013-10-01,86.49
2013-10-02,86.93
2013-10-03,87.56
2013-10-04,86.88
2013-10-05,85.9
2013-10-06,84.95
2013-10-07,83.94
2013-10-08,83.64
2013-10-09,83.42
2013-10-10,83.19
2013-10-11,83.27
2013-10-12,83.42
2013-10-13,83.56
2013-10-14,83.71
2013-10-15,83.78
2013-10-16,83.21
2013-10-17,83.89
2013-10-18,83.02
2013-10-19,83.04
2013-10-20,83.01
2013-10-21,83.02
2013-10-22,82.5
2013-10-23,80.79
2013-10-24,79.25
2013-10-25,78.85
2013-10-26,78.86
2013-10-27,78.82
2013-10-28,78.83
2013-10-29,78.31
2013-10-30,77.85
2013-10-31,77.17
2013-11-01,76.68
2013-11-02,76.49
2013-11-03,76.28
2013-11-04,76.04
2013-11-05,76.04
2013-11-06,77.14
2013-11-07,76.65
2013-11-08,76.89
2013-11-09,76.89
2013-11-10,76.9
2013-11-11,76.82
2013-11-12,77.99
2013-11-13,77.88
2013-11-14,76.67
2013-11-15,77.22
2013-11-16,77.38
2013-11-17,77.56
2013-11-18,77.76
2013-11-19,77.57
2013-11-20,78.08
2013-11-21,78.49
2013-11-22,77.34
2013-11-23,77.43
2013-11-24,77.34
2013-11-25,78.5
2013-11-26,79.17
2013-11-27,78.58
2013-11-28,78.58
2013-11-29,78.54
2013-11-30,78.57
2013-12-01,78.6
2013-12-02,78.63
2013-12-03,78.53
2013-12-04,78.87
2013-12-05,78.81
2013-12-06,80.33
2013-12-07,80.25
2013-12-08,80.29
2013-12-09,80.29
2013-12-10,80.61
2013-12-11,82.14
2013-12-12,82.98
2013-12-13,83.07
2013-12-14,83.12
2013-12-15,83.17
2013-12-16,83.26
2013-12-17,82.92
2013-12-18,83.09
2013-12-19,83.26
2013-12-20,83.15
2013-12-21,82.89
2013-12-22,82.65
2013-12-23,82.41
2013-12-24,82.11
2013-12-25,82.58
2013-12-26,82.94
2013-12-27,84.04
2013-12-28,84.23
2013-12-29,84.48
2013-12-30,84.76
2013-12-31,84.73
2014-01-01,84.73
2014-01-02,84.18
2014-01-03,83.35
2014-01-04,83.54
2014-01-05,83.65
2014-01-06,83.71
2014-01-07,84.56
2014-01-08,83.18
2014-01-09,82.94
2014-01-10,82.86
2014-01-11,83.2
2014-01-12,83.5
2014-01-13,83.84
2014-01-14,83.67
2014-01-15,84.41
2014-01-16,86.03
2014-01-17,86.97
2014-01-18,87.17
2014-01-19,87.43
2014-01-20,87.69
2014-01-21,87.97
2014-01-22,88.0
2014-01-23,87.07
2014-01-24,87.04
2014-01-25,86.06
2014-01-26,85.15
2014-01-27,84.15
2014-01-28,84.31
2014-01-29,85.45
2014-01-30,86.03
2014-01-31,85.89
2014-02-01,85.59
2014-02-02,85.31
2014-02-03,84.98
2014-02-04,85.24
2014-02-05,85.66
2014-02-06,85.96
2014-02-07,87.5
2014-02-08,87.37
2014-02-09,87.35
2014-02-10,87.24
2014-02-11,88.56
2014-02-12,88.16
2014-02-13,87.77
2014-02-14,87.5
2014-02-15,87.6
2014-02-16,87.67
2014-02-17,87.75
2014-02-18,87.91
2014-02-19,86.83
2014-02-20,86.25
2014-02-21,87.03
2014-02-22,87.66
2014-02-23,88.29
2014-02-24,89.13
2014-02-25,87.18
2014-02-26,86.29
2014-02-27,87.69
2014-02-28,87.18
2014-03-01,87.55
2014-03-02,87.87
2014-03-03,88.14
2014-03-04,89.1
2014-03-05,88.7
2014-03-06,91.53
2014-03-07,90.89
2014-03-08,91.16
2014-03-09,91.39
2014-03-10,91.64
2014-03-11,91.46
2014-03-12,92.17
2014-03-13,91.76
2014-03-14,92.25
2014-03-15,92.16
2014-03-16,92.11
2014-03-17,91.98
2014-03-18,92.97
2014-03-19,92.57
2014-03-20,92.18
2014-03-21,93.5
2014-03-22,92.67
2014-03-23,91.99
2014-03-24,91.04
2014-03-25,94.06
2014-03-26,91.79
2014-03-27,92.57
2014-03-28,93.76
2014-03-29,93.42
2014-03-30,93.2
2014-03-31,93.04
2014-04-01,91.96
2014-04-02,91.47
2014-04-03,90.83
2014-04-04,92.18
2014-04-05,91.61
2014-04-06,91.18
2014-04-07,90.64
2014-04-08,91.65
2014-04-09,90.38
2014-04-10,89.15
2014-04-11,90.0
2014-04-12,90.2
2014-04-13,90.43
2014-04-14,90.71
2014-04-15,90.4
2014-04-16,90.97
2014-04-17,90.08
2014-04-18,90.7
2014-04-19,91.21
2014-04-20,91.72
2014-04-21,92.19
2014-04-22,93.3
2014-04-23,92.75
2014-04-24,93.17
2014-04-25,93.38
2014-04-26,93.09
2014-04-27,92.85
2014-04-28,92.46
2014-04-29,94.0
2014-04-30,94.42
2014-05-01,94.39
2014-05-02,94.24
2014-05-03,94.36
2014-05-04,94.47
2014-05-05,94.64
2014-05-06,93.97
2014-05-07,92.56
2014-05-08,93.01
2014-05-09,92.52
2014-05-10,92.49
2014-05-11,92.52
2014-05-12,91.31
2014-05-13,91.03
2014-05-14,90.71
2014-05-15,90.29
2014-05-16,89.8
2014-05-17,89.6
2014-05-18,89.38
2014-05-19,89.14
2014-05-20,89.06
2014-05-21,89.25
2014-05-22,87.98
2014-05-23,86.68
2014-05-24,86.33
2014-05-25,85.91
2014-05-26,85.49
2014-05-27,85.03
2014-05-28,85.01
2014-05-29,86.39
2014-05-30,86.06
2014-05-31,86.27
2014-06-01,86.46
2014-06-02,86.59
2014-06-03,87.57
2014-06-04,85.97
2014-06-05,85.47
2014-06-06,84.85
2014-06-07,84.84
2014-06-08,84.79
2014-06-09,84.6
2014-06-10,86.46
2014-06-11,85.43
2014-06-12,85.63
2014-06-13,87.02
2014-06-14,87.29
2014-06-15,87.63
2014-06-16,87.81
2014-06-17,90.34
2014-06-18,91.14
2014-06-19,87.84
2014-06-20,87.98
2014-06-21,84.46
2014-06-22,81.19
2014-06-23,77.76
2014-06-24,76.54
2014-06-25,75.16
2014-06-26,74.78
2014-06-27,74.75
2014-06-28,74.32
2014-06-29,73.91
2014-06-30,73.49
2014-07-01,73.36
2014-07-02,72.42
2014-07-03,72.05
2014-07-04,72.03
2014-07-05,71.97
2014-07-06,72.05
2014-07-07,70.26
2014-07-08,70.38
2014-07-09,69.61
2014-07-10,68.56
2014-07-11,68.11
2014-07-12,68.24
2014-07-13,68.33
2014-07-14,68.47
2014-07-15,67.86
2014-07-16,67.63
2014-07-17,67.71
2014-07-18,67.76
2014-07-19,67.74
2014-07-20,67.73
2014-07-21,67.7
2014-07-22,67.9
2014-07-23,68.14
2014-07-24,66.21
2014-07-25,65.38
2014-07-26,65.56
2014-07-27,65.66
2014-07-28,65.82
2014-07-29,65.19
2014-07-30,64.04
2014-07-31,62.83
2014-08-01,63.18
2014-08-02,63.22
2014-08-03,63.18
2014-08-04,64.39
2014-08-05,63.83
2014-08-06,64.5
2014-08-07,64.07
2014-08-08,64.18
2014-08-09,64.21
2014-08-10,64.24
2014-08-11,64.34
2014-08-12,63.44
2014-08-13,64.81
2014-08-14,64.71
2014-08-15,64.38
2014-08-16,64.25
2014-08-17,64.11
2014-08-18,63.92
2014-08-19,64.19
2014-08-20,65.79
2014-08-21,65.88
2014-08-22,66.08
2014-08-23,66.14
2014-08-24,66.21
2014-08-25,66.24
2014-08-26,66.76
2014-08-27,67.31
2014-08-28,66.63
2014-08-29,66.6
2014-08-30,66.34
2014-08-31,66.09
2014-09-01,65.84
2014-09-02,65.54
2014-09-03,65.93
2014-09-04,65.48
2014-09-05,64.36
2014-09-06,64.66
2014-09-07,64.86
2014-09-08,65.01
2014-09-09,65.69
2014-09-10,66.97
2014-09-11,68.05
2014-09-12,67.93
2014-09-13,67.25
2014-09-14,66.62
2014-09-15,65.96
2014-09-16,65.62
2014-09-17,65.73
2014-09-18,65.23
2014-09-19,64.4
2014-09-20,63.85
2014-09-21,63.29
2014-09-22,62.68
2014-09-23,62.76
2014-09-24,61.56
2014-09-25,61.38
2014-09-26,61.89
2014-09-27,61.76
2014-09-28,61.68
2014-09-29,61.6
2014-09-30,61.35
2014-10-01,62.21
2014-10-02,61.67
2014-10-03,62.69
2014-10-04,63.25
2014-10-05,63.83
2014-10-06,64.4
2014-10-07,65.21
2014-10-08,64.88
2014-10-09,63.89
2014-10-10,64.38
2014-10-11,64.67
2014-10-12,64.96
2014-10-13,65.37
2014-10-14,64.28
2014-10-15,63.76
2014-10-16,63.49
2014-10-17,63.01
2014-10-18,62.8
2014-10-19,62.57
2014-10-20,62.28
2014-10-21,62.82
2014-10-22,62.59
2014-10-23,63.09
2014-10-24,63.85
2014-10-25,63.79
2014-10-26,63.78
2014-10-27,63.72
2014-10-28,64.45
2014-10-29,65.22
2014-10-30,64.44
2014-10-31,64.35
2014-11-01,64.31
2014-11-02,64.27
2014-11-03,64.32
2014-11-04,62.99
2014-11-05,62.86
2014-11-06,63.22
2014-11-07,64.03
2014-11-08,63.42
2014-11-09,62.91
2014-11-10,62.29
2014-11-11,63.28
2014-11-12,62.08
2014-11-13,59.9
2014-11-14,59.76
2014-11-15,59.64
2014-11-16,59.5
2014-11-17,59.31
2014-11-18,59.9
2014-11-19,59.09
2014-11-20,59.11
2014-11-21,59.35
2014-11-22,59.22
2014-11-23,59.12
2014-11-24,58.97
2014-11-25,59.38
2014-11-26,59.75
2014-11-27,59.75
2014-11-28,60.08
2014-11-29,60.03
2014-11-30,60.08
2014-12-01,59.13
2014-12-02,59.47
2014-12-03,59.62
2014-12-04,60.47
2014-12-05,59.66
2014-12-06,59.68
2014-12-07,59.66
2014-12-08,59.37
2014-12-09,59.94
2014-12-10,59.64
2014-12-11,60.67
2014-12-12,60.68
2014-12-13,60.68
2014-12-14,60.68
2014-12-15,60.81
2014-12-16,59.83
2014-12-17,60.81
2014-12-18,60.79
2014-12-19,60.94
2014-12-20,60.98
2014-12-21,60.94
2014-12-22,62.13
2014-12-23,61.69
2014-12-24,61.74
2014-12-25,61.71
2014-12-26,61.69
2014-12-27,61.7
2014-12-28,61.69
2014-12-29,62.04
2014-12-30,61.95
2014-12-31,60.28
2015-01-01,60.02
2015-01-02,59.6
2015-01-03,59.95
2015-01-04,60.23
2015-01-05,60.58
2015-01-06,60.13
2015-01-07,60.35
2015-01-08,60.47
2015-01-09,60.63
2015-01-10,60.35
2015-01-11,60.1
2015-01-12,59.81
2015-01-13,60.15
2015-01-14,59.02
2015-01-15,59.53
2015-01-16,59.26
2015-01-17,58.89
2015-01-18,58.54
2015-01-19,58.18
2015-01-20,57.78
2015-01-21,57.97
2015-01-22,57.8
2015-01-23,57.42
2015-01-24,57.86
2015-01-25,58.25
2015-01-26,58.66
2015-01-27,58.63
2015-01-28,59.23
2015-01-29,59.58
2015-01-30,59.36
2015-01-31,59.6
2015-02-01,59.8
2015-02-02,59.91
2015-02-03,61.4
2015-02-04,61.13
2015-02-05,61.76
2015-02-06,61.61
2015-02-07,61.88
2015-02-08,62.11
2015-02-09,62.37
2015-02-10,62.41
2015-02-11,62.22
2015-02-12,62.55
2015-02-13,62.77
2015-02-14,63.01
2015-02-15,63.24
2015-02-16,63.48
2015-02-17,63.65
2015-02-18,64.72
2015-02-19,64.56
2015-02-20,64.68
2015-02-21,64.55
2015-02-22,64.44
2015-02-23,64.29
2015-02-24,64.68
2015-02-25,65.34
2015-02-26,65.24
2015-02-27,64.86
2015-02-28,64.8
2015-03-01,64.72
2015-03-02,64.72
2015-03-03,63.56
2015-03-04,63.38
2015-03-05,63.15
2015-03-06,62.79
2015-03-07,62.55
2015-03-08,62.3
2015-03-09,62.13
2015-03-10,60.88
2015-03-11,60.42
2015-03-12,60.94
2015-03-13,60.49
2015-03-14,60.51
2015-03-15,60.5
2015-03-16,60.49
2015-03-17,60.22
2015-03-18,62.45
2015-03-19,62.54
2015-03-20,62.53
2015-03-21,62.97
2015-03-22,63.38
2015-03-23,63.83
2015-03-24,63.88
2015-03-25,63.06
2015-03-26,62.99
2015-03-27,63.42
2015-03-28,63.09
2015-03-29,62.81
2015-03-30,62.46
2015-03-31,63.13
2015-04-01,62.64
2015-04-02,63.74
2015-04-03,64.09
2015-04-04,64.48
2015-04-05,64.88
2015-04-06,65.23
2015-04-07,66.16
2015-04-08,66.82
2015-04-09,66.4
2015-04-10,65.03
2015-04-11,65.13
2015-04-12,65.13
2015-04-13,65.16
2015-04-14,64.65
2015-04-15,64.78
2015-04-16,64.22
2015-04-17,63.37
2015-04-18,63.39
2015-04-19,63.35
2015-04-20,63.33
2015-04-21,63.03
2015-04-22,63.09
2015-04-23,65.42
2015-04-24,66.31
2015-04-25,66.2
2015-04-26,66.18
2015-04-27,66.14
2015-04-28,66.15
2015-04-29,67.24
2015-04-30,67.66
2015-05-01,66.39
2015-05-02,66.56
2015-05-03,66.64
2015-05-04,66.75
2015-05-05,66.38
2015-05-06,66.0
2015-05-07,65.6
2015-05-08,66.13
2015-05-09,65.87
2015-05-10,65.67
2015-05-11,65.47
2015-05-12,65.19
2015-05-13,65.74
2015-05-14,66.49
2015-05-15,66.58
2015-05-16,65.98
2015-05-17,65.44
2015-05-18,64.89
2015-05-19,64.4
2015-05-20,64.23
2015-05-21,63.78
2015-05-22,63.33
2015-05-23,63.37
2015-05-24,63.37
2015-05-25,63.37
2015-05-26,63.38
2015-05-27,63.19
2015-05-28,64.5
2015-05-29,64.44
2015-05-30,64.2
2015-05-31,63.98
2015-06-01,63.74
2015-06-02,63.74
2015-06-03,65.25
2015-06-04,65.18
2015-06-05,64.67
2015-06-06,64.77
2015-06-07,64.83
2015-06-08,64.9
2015-06-09,64.79
2015-06-10,64.99
2015-06-11,63.9
2015-06-12,64.39
2015-06-13,64.09
2015-06-14,63.84
2015-06-15,63.49
2015-06-16,64.64
2015-06-17,64.28
2015-06-18,64.28
2015-06-19,63.74
2015-06-20,63.87
2015-06-21,63.94
2015-06-22,64.06
2015-06-23,63.56
2015-06-24,64.57
2015-06-25,65.64
2015-06-26,67.39
2015-06-27,67.24
2015-06-28,67.24
2015-06-29,67.18
2015-06-30,67.89
2015-07-01,67.53
2015-07-02,67.11
2015-07-03,67.11
2015-07-04,66.95
2015-07-05,66.8
2015-07-06,66.7
2015-07-07,65.84
2015-07-08,65.24
2015-07-09,65.86
2015-07-10,65.55
2015-07-11,65.6
2015-07-12,65.63
2015-07-13,65.63
2015-07-14,66.02
2015-07-15,65.04
2015-07-16,65.09
2015-07-17,65.24
2015-07-18,65.13
2015-07-19,65.05
2015-07-20,65.0
2015-07-21,64.39
2015-07-22,64.53
2015-07-23,64.68
2015-07-24,64.77
2015-07-25,64.44
2015-07-26,64.14
2015-07-27,63.78
2015-07-28,64.4
2015-07-29,63.87
2015-07-30,63.53
2015-07-31,64.07
2015-08-01,63.95
2015-08-02,63.88
2015-08-03,63.82
2015-08-04,63.53
2015-08-05,63.45
2015-08-06,62.33
2015-08-07,61.72
2015-08-08,61.79
2015-08-09,61.8
2015-08-10,61.8
2015-08-11,61.83
2015-08-12,64.69
2015-08-13,65.44
2015-08-14,66.12
2015-08-15,66.29
2015-08-16,66.5
2015-08-17,66.73
2015-08-18,66.7
2015-08-19,66.65
2015-08-20,66.97
2015-08-21,66.94
2015-08-22,65.95
2015-08-23,65.03
2015-08-24,64.09
2015-08-25,63.44
2015-08-26,62.45
2015-08-27,63.27
2015-08-28,63.14
2015-08-29,63.02
2015-08-30,62.91
2015-08-31,62.8
2015-09-01,62.63
2015-09-02,62.42
2015-09-03,62.74
2015-09-04,62.6
2015-09-05,62.78
2015-09-06,62.94
2015-09-07,63.1
2015-09-08,63.28
2015-09-09,63.12
2015-09-10,63.06
2015-09-11,63.34
2015-09-12,63.1
2015-09-13,62.91
2015-09-14,62.71
2015-09-15,62.47
2015-09-16,62.62
2015-09-17,62.37
2015-09-18,60.47
2015-09-19,60.58
2015-09-20,60.54
2015-09-21,60.55
2015-09-22,59.9
2015-09-23,59.88
2015-09-24,60.03
2015-09-25,60.49
2015-09-26,60.53
2015-09-27,60.6
2015-09-28,60.67
2015-09-29,60.84
2015-09-30,60.53
2015-10-01,60.49
2015-10-02,60.41
2015-10-03,60.86
2015-10-04,61.28
2015-10-05,61.7
2015-10-06,61.98
2015-10-07,62.38
2015-10-08,61.65
2015-10-09,61.93
2015-10-10,61.91
2015-10-11,61.91
2015-10-12,61.75
2015-10-13,63.85
2015-10-14,63.78
2015-10-15,63.55
2015-10-16,63.87
2015-10-17,63.65
2015-10-18,63.48
2015-10-19,63.24
2015-10-20,63.81
2015-10-21,64.24
2015-10-22,62.96
2015-10-23,62.69
2015-10-24,62.64
2015-10-25,62.57
2015-10-26,62.49
2015-10-27,62.55
2015-10-28,62.77
2015-10-29,62.42
2015-10-30,63.31
2015-10-31,63.27
2015-11-01,63.3
2015-11-02,63.38
2015-11-03,62.79
2015-11-04,62.03
2015-11-05,62.2
2015-11-06,61.88
2015-11-07,61.92
2015-11-08,61.94
2015-11-09,61.97
2015-11-10,61.9
2015-11-11,62.12
2015-11-12,61.83
2015-11-13,61.42
2015-11-14,61.48
2015-11-15,61.51
2015-11-16,61.54
2015-11-17,61.56
2015-11-18,61.57
2015-11-19,61.83
2015-11-20,60.47
2015-11-21,60.99
2015-11-22,61.37
2015-11-23,61.76
2015-11-24,62.0
2015-11-25,63.34
2015-11-26,63.6
2015-11-27,63.99
2015-11-28,63.55
2015-11-29,63.18
2015-11-30,62.71
2015-12-01,63.56
2015-12-02,63.51
2015-12-03,63.93
2015-12-04,64.7
2015-12-05,64.63
2015-12-06,64.63
2015-12-07,64.63
2015-12-08,64.57
2015-12-09,64.85
2015-12-10,63.76
2015-12-11,63.86
2015-12-12,63.68
2015-12-13,63.52
2015-12-14,63.35
2015-12-15,63.28
2015-12-16,63.38
2015-12-17,63.06
2015-12-18,63.79
2015-12-19,63.55
2015-12-20,63.38
2015-12-21,63.2
2015-12-22,63.15
2015-12-23,62.82
2015-12-24,63.62
2015-12-25,63.59
2015-12-26,63.62
2015-12-27,63.62
2015-12-28,64.03
2015-12-29,63.91
2015-12-30,63.94
2015-12-31,63.31
2016-01-01,63.16
2016-01-02,62.98
2016-01-03,62.79
2016-01-04,62.59
2016-01-05,62.69
2016-01-06,62.13
2016-01-07,61.36
2016-01-08,61.49
2016-01-09,61.47
2016-01-10,61.46
2016-01-11,61.43
2016-01-12,61.6
2016-01-13,62.03
2016-01-14,61.96
2016-01-15,61.37
2016-01-16,61.41
2016-01-17,61.37
2016-01-18,61.89
2016-01-19,62.44
2016-01-20,61.85
2016-01-21,62.15
2016-01-22,62.34
2016-01-23,62.03
2016-01-24,61.75
2016-01-25,61.47
2016-01-26,61.27
2016-01-27,60.88
2016-01-28,61.35
2016-01-29,60.99
2016-01-30,61.24
2016-01-31,61.44
2016-02-01,61.63
2016-02-02,62.14
2016-02-03,61.94
2016-02-04,60.23
2016-02-05,59.97
2016-02-06,59.84
2016-02-07,59.69
2016-02-08,59.6
2016-02-09,58.64
2016-02-10,58.88
2016-02-11,58.42
2016-02-12,58.9
2016-02-13,59.12
2016-02-14,59.36
2016-02-15,59.6
2016-02-16,59.85
2016-02-17,59.87
2016-02-18,59.91
2016-02-19,60.01
2016-02-20,59.24
2016-02-21,58.53
2016-02-22,57.74
2016-02-23,58.17
2016-02-24,57.7
2016-02-25,58.16
2016-02-26,57.92
2016-02-27,57.97
2016-02-28,58.0
2016-02-29,58.01
2016-03-01,58.25
2016-03-02,58.04
2016-03-03,58.42
2016-03-04,58.93
2016-03-05,58.88
2016-03-06,58.87
2016-03-07,58.92
2016-03-08,58.21
2016-03-09,56.59
2016-03-10,56.83
2016-03-11,57.15
2016-03-12,57.52
2016-03-13,57.89
2016-03-14,58.29
2016-03-15,58.24
2016-03-16,58.32
2016-03-17,58.36
2016-03-18,57.16
2016-03-19,57.57
2016-03-20,57.87
2016-03-21,58.17
2016-03-22,58.37
2016-03-23,58.39
2016-03-24,57.72
2016-03-25,57.77
2016-03-26,57.77
2016-03-27,57.77
2016-03-28,57.8
2016-03-29,57.38
2016-03-30,57.67
2016-03-31,58.44
2016-04-01,59.2
2016-04-02,59.07
2016-04-03,59.02
2016-04-04,58.96
2016-04-05,58.9
2016-04-06,58.75
2016-04-07,59.03
2016-04-08,60.07
2016-04-09,60.26
2016-04-10,60.5
2016-04-11,60.71
2016-04-12,61.51
2016-04-13,61.63
2016-04-14,60.64
2016-04-15,60.03
2016-04-16,60.81
2016-04-17,61.47
2016-04-18,62.15
2016-04-19,62.69
2016-04-20,63.8
2016-04-21,63.49
2016-04-22,63.08
2016-04-23,63.65
2016-04-24,64.14
2016-04-25,64.77
2016-04-26,63.46
2016-04-27,64.07
2016-04-28,63.69
2016-04-29,63.76
2016-04-30,63.93
2016-05-01,64.08
2016-05-02,64.36
2016-05-03,63.05
2016-05-04,62.17
2016-05-05,61.63
2016-05-06,61.63
2016-05-07,61.52
2016-05-08,61.41
2016-05-09,61.33
2016-05-10,60.9
2016-05-11,60.6
2016-05-12,60.73
2016-05-13,60.62
2016-05-14,60.78
2016-05-15,60.93
2016-05-16,60.99
2016-05-17,62.2
2016-05-18,62.05
2016-05-19,61.07
2016-05-20,61.67
2016-05-21,61.61
2016-05-22,61.59
2016-05-23,61.45
2016-05-24,63.01
2016-05-25,62.9
2016-05-26,64.33
2016-05-27,64.28
2016-05-28,64.17
2016-05-29,64.08
2016-05-30,63.98
2016-05-31,63.94
2016-06-01,63.17
2016-06-02,62.87
2016-06-03,63.92
2016-06-04,64.43
2016-06-05,64.98
2016-06-06,65.55
2016-06-07,65.85
2016-06-08,65.78
2016-06-09,64.96
2016-06-10,64.75
2016-06-11,64.42
2016-06-12,64.09
2016-06-13,63.79
2016-06-14,63.04
2016-06-15,62.6
2016-06-16,63.3
2016-06-17,64.57
2016-06-18,64.4
2016-06-19,64.34
2016-06-20,64.39
2016-06-21,62.85
2016-06-22,62.94
2016-06-23,64.88
2016-06-24,64.5
2016-06-25,64.19
2016-06-26,63.89
2016-06-27,63.48
2016-06-28,64.66
2016-06-29,64.5
2016-06-30,62.82
2016-07-01,63.62
2016-07-02,63.62
2016-07-03,63.66
2016-07-04,63.7
2016-07-05,63.75
2016-07-06,63.78
2016-07-07,63.67
2016-07-08,65.92
2016-07-09,66.65
2016-07-10,67.48
2016-07-11,68.14
2016-07-12,71.14
2016-07-13,73.38
2016-07-14,73.82
2016-07-15,73.86
2016-07-16,73.76
2016-07-17,73.67
2016-07-18,73.63
2016-07-19,72.96
2016-07-20,71.95
2016-07-21,72.66
2016-07-22,72.52
2016-07-23,72.43
2016-07-24,72.34
2016-07-25,72.12
2016-07-26,73.63
2016-07-27,73.83
2016-07-28,73.02
2016-07-29,74.16
2016-07-30,74.1
2016-07-31,74.11
2016-08-01,74.17
2016-08-02,73.67
2016-08-03,73.84
2016-08-04,75.86
2016-08-05,76.64
2016-08-06,76.31
2016-08-07,76.08
2016-08-08,76.06
2016-08-09,73.06
2016-08-10,71.16
2016-08-11,71.27
2016-08-12,69.88
2016-08-13,69.34
2016-08-14,68.74
2016-08-15,68.09
2016-08-16,68.01
2016-08-17,68.36
2016-08-18,68.5
2016-08-19,67.57
2016-08-20,67.74
2016-08-21,67.83
2016-08-22,67.92
2016-08-23,68.12
2016-08-24,67.41
2016-08-25,67.75
2016-08-26,67.71
2016-08-27,67.34
2016-08-28,67.0
2016-08-29,66.69
2016-08-30,65.97
2016-08-31,65.32
2016-09-01,68.01
2016-09-02,67.51
2016-09-03,67.94
2016-09-04,68.31
2016-09-05,68.69
2016-09-06,69.06
2016-09-07,69.53
2016-09-08,69.25
2016-09-09,68.88
2016-09-10,68.25
2016-09-11,67.65
2016-09-12,66.97
2016-09-13,67.2
2016-09-14,68.08
2016-09-15,68.38
2016-09-16,67.74
2016-09-17,68.24
2016-09-18,68.67
2016-09-19,68.98
2016-09-20,70.82
2016-09-21,71.81
2016-09-22,71.17
2016-09-23,69.08
2016-09-24,69.22
2016-09-25,69.19
2016-09-26,69.16
2016-09-27,69.39
2016-09-28,68.13
2016-09-29,67.95
2016-09-30,68.29
2016-10-01,68.45
2016-10-02,68.62
2016-10-03,68.73
2016-10-04,69.88
2016-10-05,68.03
2016-10-06,67.71
2016-10-07,67.19
2016-10-08,67.27
2016-10-09,67.31
2016-10-10,67.36
2016-10-11,67.14
2016-10-12,68.97
2016-10-13,69.31
2016-10-14,70.57
2016-10-15,70.72
2016-10-16,70.94
2016-10-17,71.19
2016-10-18,71.15
2016-10-19,71.1
2016-10-20,69.8
2016-10-21,69.07
2016-10-22,69.0
2016-10-23,68.88
2016-10-24,68.77
2016-10-25,68.49
2016-10-26,69.26
2016-10-27,69.76
2016-10-28,70.82
2016-10-29,70.08
2016-10-30,69.47
2016-10-31,68.86
2016-11-01,68.2
2016-11-02,68.6
2016-11-03,68.07
2016-11-04,68.53
2016-11-05,68.49
2016-11-06,68.48
2016-11-07,68.45
2016-11-08,68.75
2016-11-09,68.29
2016-11-10,69.2
2016-11-11,68.44
2016-11-12,68.68
2016-11-13,68.86
2016-11-14,68.9
2016-11-15,70.69
2016-11-16,72.13
2016-11-17,73.38
2016-11-18,73.4
2016-11-19,73.46
2016-11-20,73.53
2016-11-21,73.6
2016-11-22,73.72
2016-11-23,73.08
2016-11-24,72.9
2016-11-25,72.65
2016-11-26,72.85
2016-11-27,73.02
2016-11-28,73.27
2016-11-29,72.38
2016-11-30,72.46
2016-12-01,71.8
2016-12-02,71.98
2016-12-03,72.09
2016-12-04,72.2
2016-12-05,72.31
2016-12-06,72.39
2016-12-07,72.11
2016-12-08,71.42
2016-12-09,70.8
2016-12-10,71.15
2016-12-11,71.42
2016-12-12,71.69
2016-12-13,72.04
2016-12-14,71.47
2016-12-15,71.67
2016-12-16,71.04
2016-12-17,70.56
2016-12-18,70.08
2016-12-19,69.57
2016-12-20,69.34
2016-12-21,70.13
2016-12-22,70.2
2016-12-23,69.87
2016-12-24,69.86
2016-12-25,69.82
2016-12-26,69.78
2016-12-27,69.74
2016-12-28,69.75
2016-12-29,70.5
2016-12-30,70.65
2016-12-31,70.98
2017-01-01,71.29
2017-01-02,71.61
2017-01-03,71.78
2017-01-04,74.08
2017-01-05,73.78
2017-01-06,73.99
2017-01-07,73.64
2017-01-08,73.34
2017-01-09,72.99
2017-01-10,73.19
2017-01-11,73.14
2017-01-12,72.34
2017-01-13,72.27
2017-01-14,72.24
2017-01-15,72.2
2017-01-16,72.16
2017-01-17,72.11
2017-01-18,72.26
2017-01-19,72.69
2017-01-20,73.04
2017-01-21,73.54
2017-01-22,74.02
2017-01-23,74.63
2017-01-24,73.57
2017-01-25,73.88
2017-01-26,74.19
2017-01-27,74.85
2017-01-28,74.6
2017-01-29,74.41
2017-01-30,74.14
2017-01-31,74.94
2017-02-01,76.44
2017-02-02,76.91
2017-02-03,76.41
2017-02-04,76.15
2017-02-05,75.88
2017-02-06,75.63
2017-02-07,75.09
2017-02-08,75.25
2017-02-09,75.58
2017-02-10,75.82
2017-02-11,76.07
2017-02-12,76.32
2017-02-13,76.61
2017-02-14,76.32
2017-02-15,75.71
2017-02-16,75.01
2017-02-17,73.48
2017-02-18,73.59
2017-02-19,73.59
2017-02-20,73.58
2017-02-21,73.52
2017-02-22,74.14
2017-02-23,75.02
2017-02-24,75.42
2017-02-25,75.25
2017-02-26,75.14
2017-02-27,74.97
2017-02-28,75.33
2017-03-01,76.85
2017-03-02,75.69
2017-03-03,77.28
2017-03-04,77.55
2017-03-05,77.91
2017-03-06,78.39
2017-03-07,77.28
2017-03-08,76.9
2017-03-09,76.63
2017-03-10,77.29
2017-03-11,77.12
2017-03-12,77.01
2017-03-13,76.87
2017-03-14,77.15
2017-03-15,78.08
2017-03-16,78.17
2017-03-17,78.36
2017-03-18,77.99
2017-03-19,77.65
2017-03-20,77.33
2017-03-21,76.84
2017-03-22,77.34
2017-03-23,77.27
2017-03-24,77.47
2017-03-25,77.28
2017-03-26,77.11
2017-03-27,76.94
2017-03-28,76.88
2017-03-29,76.14
2017-03-30,76.23
2017-03-31,77.33
2017-04-01,76.62
2017-04-02,76.05
2017-04-03,75.47
2017-04-04,74.85
2017-04-05,74.87
2017-04-06,74.51
2017-04-07,73.46
2017-04-08,74.09
2017-04-09,74.59
2017-04-10,75.15
2017-04-11,75.01
2017-04-12,74.73
2017-04-13,75.62
2017-04-14,75.93
2017-04-15,76.29
2017-04-16,76.64
2017-04-17,77.03
2017-04-18,76.82
2017-04-19,77.67
2017-04-20,80.07
2017-04-21,78.99
2017-04-22,79.43
2017-04-23,79.77
2017-04-24,80.09
2017-04-25,80.71
2017-04-26,80.69
2017-04-27,79.32
2017-04-28,80.23
2017-04-29,80.27
2017-04-30,80.37
2017-05-01,80.45
2017-05-02,80.83
2017-05-03,80.69
2017-05-04,80.83
2017-05-05,79.76
2017-05-06,78.81
2017-05-07,77.86
2017-05-08,76.78
2017-05-09,77.43
2017-05-10,76.49
2017-05-11,79.18
2017-05-12,82.18
2017-05-13,82.99
2017-05-14,83.96
2017-05-15,85.32
2017-05-16,81.32
2017-05-17,80.17
2017-05-18,79.24
2017-05-19,79.45
2017-05-20,79.05
2017-05-21,78.69
2017-05-22,78.39
2017-05-23,77.22
2017-05-24,77.54
2017-05-25,77.16
2017-05-26,77.09
2017-05-27,77.14
2017-05-28,77.17
2017-05-29,77.2
2017-05-30,77.26
2017-05-31,76.98
2017-06-01,77.63
2017-06-02,76.69
2017-06-03,76.6
2017-06-04,76.45
2017-06-05,76.31
2017-06-06,76.02
2017-06-07,75.79
2017-06-08,76.55
2017-06-09,75.69
2017-06-10,75.52
2017-06-11,75.31
2017-06-12,75.13
2017-06-13,74.48
2017-06-14,73.5
2017-06-15,71.22
2017-06-16,70.86
2017-06-17,70.68
2017-06-18,70.48
2017-06-19,70.36
2017-06-20,69.04
2017-06-21,68.27
2017-06-22,68.03
2017-06-23,68.97
2017-06-24,68.95
2017-06-25,68.99
2017-06-26,68.98
2017-06-27,69.75
2017-06-28,69.47
2017-06-29,69.05
2017-06-30,70.36
2017-07-01,69.78
2017-07-02,69.33
2017-07-03,68.84
2017-07-04,68.96
2017-07-05,69.01
2017-07-06,69.47
2017-07-07,69.75
2017-07-08,68.9
2017-07-09,68.14
2017-07-10,67.29
2017-07-11,67.67
2017-07-12,67.27
2017-07-13,66.37
2017-07-14,67.18
2017-07-15,67.63
2017-07-16,68.09
2017-07-17,68.57
2017-07-18,68.86
2017-07-19,68.76
2017-07-20,69.55
2017-07-21,69.14
2017-07-22,69.12
2017-07-23,69.08
2017-07-24,69.0
2017-07-25,69.55
2017-07-26,69.02
2017-07-27,70.5
2017-07-28,70.22
2017-07-29,70.34
2017-07-30,70.44
2017-07-31,70.5
2017-08-01,71.17
2017-08-02,71.75
2017-08-03,71.55
2017-08-04,70.99
2017-08-05,71.11
2017-08-06,71.19
2017-08-07,71.22
2017-08-08,71.91
2017-08-09,71.82
2017-08-10,69.26
2017-08-11,69.24
2017-08-12,68.98
2017-08-13,68.72
2017-08-14,68.5
2017-08-15,67.68
2017-08-16,67.55
2017-08-17,67.45
2017-08-18,67.79
2017-08-19,68.09
2017-08-20,68.4
2017-08-21,68.71
2017-08-22,68.88
2017-08-23,69.6
2017-08-24,70.17
2017-08-25,68.61
2017-08-26,69.28
2017-08-27,69.8
2017-08-28,70.33
2017-08-29,70.56
2017-08-30,71.47
2017-08-31,71.48
2017-09-01,72.55
2017-09-02,73.19
2017-09-03,73.86
2017-09-04,74.53
2017-09-05,75.26
2017-09-06,75.26
2017-09-07,75.03
2017-09-08,75.59
2017-09-09,74.84
2017-09-10,74.19
2017-09-11,73.71
2017-09-12,70.71
2017-09-13,69.98
2017-09-14,69.78
2017-09-15,70.13
2017-09-16,70.2
2017-09-17,70.28
2017-09-18,70.41
2017-09-19,69.98
2017-09-20,70.04
2017-09-21,69.04
2017-09-22,69.09
2017-09-23,69.41
2017-09-24,69.71
2017-09-25,70.09
2017-09-26,69.38
2017-09-27,69.28
2017-09-28,69.6
2017-09-29,69.08
2017-09-30,68.81
2017-10-01,68.52
2017-10-02,68.2
2017-10-03,68.15
2017-10-04,69.43
2017-10-05,68.9
2017-10-06,69.47
2017-10-07,69.46
2017-10-08,69.5
2017-10-09,69.58
2017-10-10,68.95
2017-10-11,68.73
2017-10-12,67.84
2017-10-13,68.62
2017-10-14,68.22
2017-10-15,67.9
2017-10-16,67.53
2017-10-17,67.77
2017-10-18,67.63
2017-10-19,67.31
2017-10-20,66.88
2017-10-21,67.87
2017-10-22,68.75
2017-10-23,69.72
2017-10-24,69.54
2017-10-25,69.31
2017-10-26,68.19
2017-10-27,68.2
2017-10-28,68.35
2017-10-29,68.48
2017-10-30,68.64
2017-10-31,68.38
2017-11-01,68.17
2017-11-02,69.08
2017-11-03,68.72
2017-11-04,68.76
2017-11-05,68.78
2017-11-06,68.85
2017-11-07,68.07
2017-11-08,68.63
2017-11-09,68.29
2017-11-10,69.05
2017-11-11,68.95
2017-11-12,68.91
2017-11-13,68.88
2017-11-14,68.6
2017-11-15,68.81
2017-11-16,69.21
2017-11-17,69.78
2017-11-18,70.28
2017-11-19,70.79
2017-11-20,71.37
2017-11-21,70.9
2017-11-22,70.74
2017-11-23,71.49
2017-11-24,72.23
2017-11-25,72.22
2017-11-26,72.26
2017-11-27,72.15
2017-11-28,74.05
2017-11-29,75.52
2017-11-30,75.04
2017-12-01,75.43
2017-12-02,75.27
2017-12-03,75.15
2017-12-04,75.03
2017-12-05,74.96
2017-12-06,75.17
2017-12-07,74.23
2017-12-08,73.72
2017-12-09,73.5
2017-12-10,73.26
2017-12-11,73.0
2017-12-12,72.91
2017-12-13,74.13
2017-12-14,75.33
2017-12-15,75.92
2017-12-16,75.64
2017-12-17,75.42
2017-12-18,75.2
2017-12-19,75.03
2017-12-20,75.71
2017-12-21,77.94
2017-12-22,77.87
2017-12-23,77.78
2017-12-24,77.7
2017-12-25,77.63
2017-12-26,77.43
2017-12-27,78.95
2017-12-28,78.8
2017-12-29,78.63
2017-12-30,78.36
2017-12-31,78.1
2018-01-01,77.84
2018-01-02,77.5
2018-01-03,78.11
2018-01-04,79.25
2018-01-05,78.01
2018-01-06,78.12
2018-01-07,78.14
2018-01-08,78.14
2018-01-09,78.35
2018-01-10,79.65
2018-01-11,82.65
2018-01-12,81.68
2018-01-13,81.67
2018-01-14,81.61
2018-01-15,81.55
2018-01-16,81.43
2018-01-17,82.14
2018-01-18,82.63
2018-01-19,83.42
2018-01-20,83.34
2018-01-21,83.33
2018-01-22,83.41
2018-01-23,82.26
2018-01-24,82.27
2018-01-25,81.88
2018-01-26,80.48
2018-01-27,79.79
2018-01-28,79.06
2018-01-29,78.36
2018-01-30,77.03
2018-01-31,77.28
2018-02-01,78.35
2018-02-02,77.3
2018-02-03,77.09
2018-02-04,76.83
2018-02-05,76.57
2018-02-06,76.19
2018-02-07,75.96
2018-02-08,76.62
2018-02-09,76.68
2018-02-10,76.59
2018-02-11,76.52
2018-02-12,76.45
2018-02-13,76.38
2018-02-14,75.6
2018-02-15,75.41
2018-02-16,75.72
2018-02-17,76.2
2018-02-18,76.66
2018-02-19,77.13
2018-02-20,77.51
2018-02-21,78.91
2018-02-22,80.54
2018-02-23,81.45
2018-02-24,81.48
2018-02-25,81.59
2018-02-26,81.7
2018-02-27,81.76
2018-02-28,81.65
2018-03-01,82.57
2018-03-02,82.72
2018-03-03,83.59
2018-03-04,84.41
2018-03-05,85.41
2018-03-06,83.84
2018-03-07,84.2
2018-03-08,85.12
2018-03-09,84.52
2018-03-10,84.12
2018-03-11,83.7
2018-03-12,83.28
2018-03-13,82.98
2018-03-14,83.44
2018-03-15,83.53
2018-03-16,82.85
2018-03-17,82.38
2018-03-18,81.89
2018-03-19,81.23
2018-03-20,83.08
2018-03-21,82.59
2018-03-22,82.15
2018-03-23,81.83
2018-03-24,81.83
2018-03-25,81.81
2018-03-26,81.78
2018-03-27,82.02
2018-03-28,80.74
2018-03-29,81.46
2018-03-30,81.31
2018-03-31,81.22
2018-04-01,81.13
2018-04-02,80.97
2018-04-03,82.02
2018-04-04,79.64
2018-04-05,82.57
2018-04-06,82.54
2018-04-07,82.67
2018-04-08,82.81
2018-04-09,82.91
2018-04-10,83.53
2018-04-11,83.83
2018-04-12,83.69
2018-04-13,83.41
2018-04-14,83.37
2018-04-15,83.3
2018-04-16,83.25
2018-04-17,83.13
2018-04-18,82.74
2018-04-19,82.97
2018-04-20,85.47
2018-04-21,84.54
2018-04-22,83.87
2018-04-23,83.19
2018-04-24,82.26
2018-04-25,84.76
2018-04-26,84.99
2018-04-27,85.33
2018-04-28,85.1
2018-04-29,84.91
2018-04-30,84.68
2018-05-01,85.12
2018-05-02,85.01
2018-05-03,84.45
2018-05-04,86.35
2018-05-05,86.12
2018-05-06,86.04
2018-05-07,85.99
2018-05-08,85.38
2018-05-09,85.86
2018-05-10,84.56
2018-05-11,84.62
2018-05-12,84.31
2018-05-13,84.02
2018-05-14,83.7
2018-05-15,83.76
2018-05-16,84.35
2018-05-17,85.03
2018-05-18,86.55
2018-05-19,87.08
2018-05-20,87.68
2018-05-21,88.42
2018-05-22,87.35
2018-05-23,86.96
2018-05-24,87.46
2018-05-25,89.21
2018-05-26,90.14
2018-05-27,91.12
2018-05-28,92.1
2018-05-29,93.21
2018-05-30,92.49
2018-05-31,93.15
2018-06-01,93.3
2018-06-02,92.82
2018-06-03,92.4
2018-06-04,92.1
2018-06-05,89.84
2018-06-06,90.95
2018-06-07,93.72
2018-06-08,94.94
2018-06-09,94.81
2018-06-10,94.8
2018-06-11,94.75
2018-06-12,95.21
2018-06-13,93.81
2018-06-14,93.41
2018-06-15,90.72
2018-06-16,89.59
2018-06-17,88.35
2018-06-18,87.32
2018-06-19,83.32
2018-06-20,83.21
2018-06-21,83.21
2018-06-22,85.43
2018-06-23,85.47
2018-06-24,85.67
2018-06-25,85.94
2018-06-26,85.04
2018-06-27,85.75
2018-06-28,84.93
2018-06-29,85.38
2018-06-30,85.06
2018-07-01,84.79
2018-07-02,84.5
2018-07-03,84.54
2018-07-04,84.24
2018-07-05,83.73
2018-07-06,86.38
2018-07-07,86.52
2018-07-08,86.83
2018-07-09,87.16
2018-07-10,87.5
2018-07-11,85.24
2018-07-12,89.24
2018-07-13,88.9
2018-07-14,88.9
2018-07-15,88.9
2018-07-16,88.88
2018-07-17,89.2
2018-07-18,88.83
2018-07-19,88.3
2018-07-20,87.74
2018-07-21,87.68
2018-07-22,87.58
2018-07-23,87.47
2018-07-24,87.32
2018-07-25,88.8
2018-07-26,89.03
2018-07-27,89.06
2018-07-28,89.37
2018-07-29,89.66
2018-07-30,89.95
2018-07-31,90.28
2018-08-01,89.06
2018-08-02,89.44
2018-08-03,88.67
2018-08-04,88.7
2018-08-05,88.68
2018-08-06,88.69
2018-08-07,88.22
2018-08-08,87.39
2018-08-09,87.26
2018-08-10,85.86
2018-08-11,85.0
2018-08-12,84.11
2018-08-13,83.14
2018-08-14,83.41
2018-08-15,81.08
2018-08-16,82.13
2018-08-17,81.75
2018-08-18,82.24
2018-08-19,82.66
2018-08-20,83.1
2018-08-21,83.5
2018-08-22,82.52
2018-08-23,81.73
2018-08-24,81.81
2018-08-25,82.4
2018-08-26,82.95
2018-08-27,83.52
2018-08-28,83.81
2018-08-29,82.97
2018-08-30,82.42
2018-08-31,82.31
2018-09-01,82.42
2018-09-02,82.51
2018-09-03,82.6
2018-09-04,82.78
2018-09-05,81.71
2018-09-06,81.38
2018-09-07,82.13
2018-09-08,82.69
2018-09-09,83.25
2018-09-10,83.93
2018-09-11,83.03
2018-09-12,82.76
2018-09-13,81.62
2018-09-14,81.9
2018-09-15,81.7
2018-09-16,81.52
2018-09-17,81.51
2018-09-18,79.15
2018-09-19,79.63
2018-09-20,79.07
2018-09-21,79.28
2018-09-22,79.12
2018-09-23,78.99
2018-09-24,78.73
2018-09-25,80.41
2018-09-26,79.0
2018-09-27,78.12
2018-09-28,76.76
2018-09-29,76.81
2018-09-30,76.75
2018-10-01,76.7
2018-10-02,76.58
2018-10-03,76.85
2018-10-04,76.39
2018-10-05,76.49
2018-10-06,76.97
2018-10-07,77.41
2018-10-08,77.94
2018-10-09,77.4
2018-10-10,76.8
2018-10-11,76.81
2018-10-12,78.37
2018-10-13,78.4
2018-10-14,78.54
2018-10-15,78.72
2018-10-16,78.33
2018-10-17,77.92
2018-10-18,78.05
2018-10-19,77.92
2018-10-20,78.61
2018-10-21,79.25
2018-10-22,80.02
2018-10-23,78.99
2018-10-24,77.07
2018-10-25,77.68
2018-10-26,78.53
2018-10-27,78.01
2018-10-28,77.6
2018-10-29,77.17
2018-10-30,76.9
2018-10-31,76.86
2018-11-01,79.03
2018-11-02,78.79
2018-11-03,78.79
2018-11-04,78.78
2018-11-05,78.87
2018-11-06,77.43
2018-11-07,78.96
2018-11-08,79.01
2018-11-09,78.09
2018-11-10,77.54
2018-11-11,76.96
2018-11-12,76.38
2018-11-13,75.86
2018-11-14,76.39
2018-11-15,76.25
2018-11-16,76.12
2018-11-17,76.03
2018-11-18,75.94
2018-11-19,75.88
2018-11-20,75.27
2018-11-21,76.51
2018-11-22,75.71
2018-11-23,74.92
2018-11-24,75.8
2018-11-25,76.55
2018-11-26,77.4
2018-11-27,76.77
2018-11-28,77.76
2018-11-29,76.64
2018-11-30,77.16
2018-12-01,77.74
2018-12-02,78.3
2018-12-03,78.91
2018-12-04,78.77
2018-12-05,80.11
2018-12-06,78.02
2018-12-07,80.23
2018-12-08,80.01
2018-12-09,79.95
2018-12-10,79.88
2018-12-11,80.02
2018-12-12,79.97
2018-12-13,79.41
2018-12-14,79.6
2018-12-15,79.21
2018-12-16,78.86
2018-12-17,78.54
2018-12-18,77.85
2018-12-19,76.71
2018-12-20,75.06
2018-12-21,73.18
2018-12-22,73.08
2018-12-23,72.84
2018-12-24,72.55
2018-12-25,72.98
2018-12-26,73.5
2018-12-27,72.06
2018-12-28,72.19
2018-12-29,72.17
2018-12-30,72.16
2018-12-31,72.2
2019-01-01,71.52
2019-01-02,70.84
2019-01-03,70.83
2019-01-04,72.52
2019-01-05,72.49
2019-01-06,72.58
2019-01-07,72.75
2019-01-08,71.67
2019-01-09,73.13
2019-01-10,72.85
2019-01-11,72.49
2019-01-12,72.67
2019-01-13,72.8
2019-01-14,72.99
2019-01-15,72.36
2019-01-16,73.27
2019-01-17,74.37
2019-01-18,73.89
2019-01-19,73.83
2019-01-20,73.75
2019-01-21,73.71
2019-01-22,73.13
2019-01-23,73.52
2019-01-24,73.14
2019-01-25,74.13
2019-01-26,73.99
2019-01-27,73.94
2019-01-28,73.85
2019-01-29,74.15
2019-01-30,74.36
2019-01-31,74.4
2019-02-01,73.64
2019-02-02,73.39
2019-02-03,73.11
2019-02-04,72.76
2019-02-05,73.4
2019-02-06,73.66
2019-02-07,72.81
2019-02-08,72.55
2019-02-09,71.86
2019-02-10,71.2
2019-02-11,70.55
2019-02-12,69.78
2019-02-13,69.86
2019-02-14,70.13
2019-02-15,70.22
2019-02-16,70.75
2019-02-17,71.24
2019-02-18,71.89
2019-02-19,70.41
2019-02-20,70.28
2019-02-21,72.19
2019-02-22,71.84
2019-02-23,71.85
2019-02-24,71.85
2019-02-25,71.93
2019-02-26,70.85
2019-02-27,71.19
2019-02-28,71.74
2019-03-01,72.73
2019-03-02,72.46
2019-03-03,72.28
2019-03-04,71.97
2019-03-05,73.45
2019-03-06,73.05
2019-03-07,71.9
2019-03-08,73.49
2019-03-09,73.36
2019-03-10,73.35
2019-03-11,73.2
2019-03-12,74.85
2019-03-13,75.72
2019-03-14,74.3
2019-03-15,75.5
2019-03-16,75.38
2019-03-17,75.34
2019-03-18,75.27
2019-03-19,75.65
2019-03-20,75.5
2019-03-21,77.18
2019-03-22,76.58
2019-03-23,77.0
2019-03-24,77.35
2019-03-25,77.73
2019-03-26,77.89
2019-03-27,76.95
2019-03-28,75.87
2019-03-29,77.61
2019-03-30,77.44
2019-03-31,77.4
2019-04-01,77.36
2019-04-02,77.27
2019-04-03,77.05
2019-04-04,77.32
2019-04-05,78.25
2019-04-06,78.41
2019-04-07,78.62
2019-04-08,78.92
2019-04-09,78.09
2019-04-10,77.62
2019-04-11,76.98
2019-04-12,78.11
2019-04-13,77.54
2019-04-14,77.09
2019-04-15,76.49
2019-04-16,77.94
2019-04-17,78.11
2019-04-18,77.31
2019-04-19,77.31
2019-04-20,77.25
2019-04-21,77.2
2019-04-22,77.19
2019-04-23,76.57
2019-04-24,75.77
2019-04-25,76.97
2019-04-26,76.75
2019-04-27,76.54
2019-04-28,76.34
2019-04-29,76.13
2019-04-30,75.98
2019-05-01,75.91
2019-05-02,74.65
2019-05-03,74.78
2019-05-04,74.04
2019-05-05,73.36
2019-05-06,72.65
2019-05-07,72.28
2019-05-08,71.45
2019-05-09,70.23
2019-05-10,68.45
2019-05-11,67.55
2019-05-12,66.59
2019-05-13,65.45
2019-05-14,66.76
2019-05-15,66.35
2019-05-16,66.8
2019-05-17,65.99
2019-05-18,66.67
2019-05-19,67.24
2019-05-20,67.91
2019-05-21,67.32
2019-05-22,66.75
2019-05-23,67.48
2019-05-24,68.39
2019-05-25,68.61
2019-05-26,68.88
2019-05-27,69.15
2019-05-28,69.47
2019-05-29,69.06
2019-05-30,69.34
2019-05-31,68.08
2019-06-01,68.59
2019-06-02,68.97
2019-06-03,69.42
2019-06-04,68.97
2019-06-05,68.74
2019-06-06,68.59
2019-06-07,65.59
2019-06-08,65.87
2019-06-09,65.92
2019-06-10,65.99
2019-06-11,65.65
2019-06-12,66.57
2019-06-13,66.83
2019-06-14,65.94
2019-06-15,65.87
2019-06-16,65.74
2019-06-17,65.63
2019-06-18,65.32
2019-06-19,65.38
2019-06-20,63.21
2019-06-21,61.19
2019-06-22,61.68
2019-06-23,61.98
2019-06-24,62.3
2019-06-25,62.2
2019-06-26,63.49
2019-06-27,62.99
2019-06-28,63.15
2019-06-29,63.17
2019-06-30,63.19
2019-07-01,63.17
2019-07-02,63.77
2019-07-03,63.75
2019-07-04,63.58
2019-07-05,63.44
2019-07-06,63.02
2019-07-07,62.62
2019-07-08,62.33
2019-07-09,60.23
2019-07-10,63.54
2019-07-11,62.89
2019-07-12,62.36
2019-07-13,62.81
2019-07-14,63.19
2019-07-15,63.7
2019-07-16,62.33
2019-07-17,61.89
2019-07-18,60.78
2019-07-19,62.25
2019-07-20,62.38
2019-07-21,62.6
2019-07-22,62.79
2019-07-23,63.29
2019-07-24,63.89
2019-07-25,63.81
2019-07-26,64.24
2019-07-27,64.03
2019-07-28,63.88
2019-07-29,63.77
2019-07-30,62.87
2019-07-31,63.22
2019-08-01,61.84
2019-08-02,58.94
2019-08-03,58.75
2019-08-04,58.36
2019-08-05,57.91
2019-08-06,58.27
2019-08-07,58.58
2019-08-08,59.54
2019-08-09,59.05
2019-08-10,58.76
2019-08-11,58.46
2019-08-12,58.03
2019-08-13,59.34
2019-08-14,59.61
2019-08-15,59.66
2019-08-16,60.08
2019-08-17,59.75
2019-08-18,59.48
2019-08-19,59.18
2019-08-20,59.17
2019-08-21,59.87
2019-08-22,58.87
2019-08-23,57.97
2019-08-24,57.91
2019-08-25,57.79
2019-08-26,57.66
2019-08-27,57.54
2019-08-28,58.35
2019-08-29,58.88
2019-08-30,59.05
2019-08-31,58.86
2019-09-01,58.69
2019-09-02,58.53
2019-09-03,58.31
2019-09-04,58.77
2019-09-05,59.16
2019-09-06,58.73
2019-09-07,58.89
2019-09-08,59.02
2019-09-09,59.12
2019-09-10,59.5
2019-09-11,59.37
2019-09-12,62.25
2019-09-13,61.63
2019-09-14,61.6
2019-09-15,61.54
2019-09-16,61.59
2019-09-17,60.12
2019-09-18,59.36
2019-09-19,58.99
2019-09-20,59.13
2019-09-21,59.35
2019-09-22,59.56
2019-09-23,59.83
2019-09-24,59.32
2019-09-25,59.37
2019-09-26,59.2
2019-09-27,59.82
2019-09-28,59.77
2019-09-29,59.77
2019-09-30,59.75
2019-10-01,59.9
2019-10-02,60.25
2019-10-03,60.52
2019-10-04,60.59
2019-10-05,60.63
2019-10-06,60.67
2019-10-07,60.75
2019-10-08,60.24
2019-10-09,61.01
2019-10-10,61.42
2019-10-11,63.88
2019-10-12,63.22
2019-10-13,62.79
2019-10-14,62.22
2019-10-15,63.53
2019-10-16,64.54
2019-10-17,64.99
2019-10-18,65.16
2019-10-19,64.95
2019-10-20,64.77
2019-10-21,64.56
2019-10-22,64.67
2019-10-23,64.95
2019-10-24,64.65
2019-10-25,64.9
2019-10-26,64.85
2019-10-27,64.82
2019-10-28,64.79
2019-10-29,64.72
2019-10-30,65.7
2019-10-31,64.44
2019-11-01,64.23
2019-11-02,64.05
2019-11-03,63.87
2019-11-04,63.66
2019-11-05,63.81
2019-11-06,63.69
2019-11-07,64.35
2019-11-08,64.72
2019-11-09,64.56
2019-11-10,64.45
2019-11-11,64.29
2019-11-12,64.74
2019-11-13,64.22
2019-11-14,64.27
2019-11-15,64.86
2019-11-16,64.59
2019-11-17,64.37
2019-11-18,64.21
2019-11-19,63.44
2019-11-20,62.24
2019-11-21,61.84
2019-11-22,63.42
2019-11-23,63.78
2019-11-24,64.23
2019-11-25,64.69
2019-11-26,64.9
2019-11-27,64.91
2019-11-28,64.65
2019-11-29,64.4
2019-11-30,64.21
2019-12-01,64.01
2019-12-02,63.85
2019-12-03,63.1
2019-12-04,63.17
2019-12-05,63.51
2019-12-06,65.0
2019-12-07,65.07
2019-12-08,65.24
2019-12-09,65.38
2019-12-10,65.93
2019-12-11,65.88
2019-12-12,67.17
2019-12-13,66.8
2019-12-14,66.86
2019-12-15,66.89
2019-12-16,66.97
2019-12-17,66.44
2019-12-18,66.74
2019-12-19,67.58
2019-12-20,67.96
2019-12-21,68.16
2019-12-22,68.38
2019-12-23,68.61
2019-12-24,68.7
2019-12-25,68.72
2019-12-26,68.7
2019-12-27,68.92
2019-12-28,69.11
2019-12-29,69.31
2019-12-30,69.56
2019-12-31,69.05
2020-01-01,69.18
2020-01-02,69.27
2020-01-03,69.2
2020-01-04,69.49
2020-01-05,69.74
2020-01-06,70.04
2020-01-07,69.83
2020-01-08,69.96
2020-01-09,70.69
2020-01-10,71.31
2020-01-11,71.35
2020-01-12,71.43
2020-01-13,71.53
2020-01-14,71.38
2020-01-15,70.32
2020-01-16,70.22
2020-01-17,71.25
2020-01-18,70.71
2020-01-19,70.27
2020-01-20,69.84
2020-01-21,69.24
2020-01-22,71.13
2020-01-23,70.03
2020-01-24,69.4
2020-01-25,69.49
2020-01-26,69.53
2020-01-27,69.51
2020-01-28,70.36
2020-01-29,70.06
2020-01-30,69.05
2020-01-31,67.5
2020-02-01,67.37
2020-02-02,67.13
2020-02-03,66.84
2020-02-04,67.35
2020-02-05,67.51
2020-02-06,67.91
2020-02-07,67.75
2020-02-08,67.91
2020-02-09,68.05
2020-02-10,68.19
2020-02-11,68.23
2020-02-12,68.58
2020-02-13,67.75
2020-02-14,67.41
2020-02-15,67.56
2020-02-16,67.68
2020-02-17,67.79
2020-02-18,67.87
2020-02-19,68.48
2020-02-20,68.75
2020-02-21,68.93
2020-02-22,68.41
2020-02-23,67.94
2020-02-24,67.53
2020-02-25,66.33
2020-02-26,65.55
2020-02-27,62.6
2020-02-28,61.59
2020-02-29,62.28
2020-03-01,62.83
2020-03-02,63.48
2020-03-03,62.75
2020-03-04,62.96
2020-03-05,63.53
2020-03-06,62.97
2020-03-07,62.46
2020-03-08,61.94
2020-03-09,61.39
2020-03-10,61.41
2020-03-11,61.55
2020-03-12,59.7
2020-03-13,60.49
2020-03-14,59.85
2020-03-15,59.31
2020-03-16,58.8
2020-03-17,57.92
2020-03-18,56.64
2020-03-19,54.93
2020-03-20,53.68
2020-03-21,53.25
2020-03-22,52.75
2020-03-23,52.15
2020-03-24,52.89
2020-03-25,53.44
2020-03-26,52.78
2020-03-27,51.33
2020-03-28,51.2
2020-03-29,50.97
2020-03-30,50.7
2020-03-31,51.13
2020-04-01,48.41
2020-04-02,49.99
2020-04-03,50.98
2020-04-04,51.63
2020-04-05,52.31
2020-04-06,53.05
2020-04-07,52.9
2020-04-08,53.84
2020-04-09,54.37
2020-04-10,53.91
2020-04-11,53.53
2020-04-12,53.15
2020-04-13,52.76
2020-04-14,52.51
2020-04-15,52.75
2020-04-16,52.79
2020-04-17,52.77
2020-04-18,53.19
2020-04-19,53.57
2020-04-20,54.03
2020-04-21,53.31
2020-04-22,56.28
2020-04-23,56.88
2020-04-24,54.93
2020-04-25,54.75
2020-04-26,54.44
2020-04-27,53.93
2020-04-28,56.18
2020-04-29,58.02
2020-04-30,58.06
2020-05-01,56.56
2020-05-02,56.07
2020-05-03,55.52
2020-05-04,55.0
2020-05-05,53.91
2020-05-06,54.83
2020-05-07,55.39
2020-05-08,56.27
2020-05-09,56.39
2020-05-10,56.57
2020-05-11,56.63
2020-05-12,58.34
2020-05-13,57.46
2020-05-14,57.85
2020-05-15,58.25
2020-05-16,58.11
2020-05-17,58.01
2020-05-18,57.8
2020-05-19,59.2
2020-05-20,58.21
2020-05-21,58.06
2020-05-22,57.61
2020-05-23,57.8
2020-05-24,57.94
2020-05-25,58.08
2020-05-26,58.23
2020-05-27,58.34
2020-05-28,57.57
2020-05-29,57.59
2020-05-30,58.44
2020-05-31,59.23
2020-06-01,60.06
2020-06-02,60.37
2020-06-03,60.48
2020-06-04,60.0
2020-06-05,61.79
2020-06-06,61.36
2020-06-07,61.08
2020-06-08,60.81
2020-06-09,60.52
2020-06-10,60.51
2020-06-11,60.02
2020-06-12,59.84
2020-06-13,59.6
2020-06-14,59.36
2020-06-15,59.01
2020-06-16,60.07
2020-06-17,61.34
2020-06-18,61.17
2020-06-19,61.56
2020-06-20,61.88
2020-06-21,62.2
2020-06-22,62.52
2020-06-23,63.04
2020-06-24,61.66
2020-06-25,61.81
2020-06-26,60.55
2020-06-27,60.33
2020-06-28,60.05
2020-06-29,59.62
2020-06-30,60.98
2020-07-01,62.58
2020-07-02,63.05
2020-07-03,63.03
2020-07-04,63.05
2020-07-05,63.07
2020-07-06,63.07
2020-07-07,63.24
2020-07-08,64.66
2020-07-09,63.34
2020-07-10,64.71
2020-07-11,64.29
2020-07-12,63.99
2020-07-13,63.75
2020-07-14,62.69
2020-07-15,62.59
2020-07-16,62.88
2020-07-17,62.01
2020-07-18,62.39
2020-07-19,62.67
2020-07-20,62.99
2020-07-21,62.91
2020-07-22,62.74
2020-07-23,61.68
2020-07-24,59.96
2020-07-25,60.3
2020-07-26,60.48
2020-07-27,60.69
2020-07-28,60.59
2020-07-29,61.03
2020-07-30,62.82
2020-07-31,62.3
2020-08-01,62.75
2020-08-02,63.14
2020-08-03,63.53
2020-08-04,63.93
2020-08-05,64.36
2020-08-06,64.41
2020-08-07,61.88
2020-08-08,62.18
2020-08-09,62.28
2020-08-10,62.34
2020-08-11,63.03
2020-08-12,61.84
2020-08-13,62.43
2020-08-14,62.29
2020-08-15,62.4
2020-08-16,62.5
2020-08-17,62.62
2020-08-18,62.39
2020-08-19,63.21
2020-08-20,63.92
2020-08-21,63.73
2020-08-22,64.22
2020-08-23,64.67
2020-08-24,65.16
2020-08-25,64.98
2020-08-26,64.98
2020-08-27,64.76
2020-08-28,64.37
2020-08-29,64.41
2020-08-30,64.42
2020-08-31,64.41
2020-09-01,64.66
2020-09-02,64.18
2020-09-03,63.56
2020-09-04,64.12
2020-09-05,63.85
2020-09-06,63.64
2020-09-07,63.43
2020-09-08,63.19
2020-09-09,63.35
2020-09-10,63.96
2020-09-11,64.06
2020-09-12,64.53
2020-09-13,64.97
2020-09-14,65.46
2020-09-15,65.39
2020-09-16,64.97
2020-09-17,64.35
2020-09-18,64.16
2020-09-19,64.03
2020-09-20,63.89
2020-09-21,63.74
2020-09-22,63.84
2020-09-23,63.76
2020-09-24,63.97
2020-09-25,64.66
2020-09-26,64.53
2020-09-27,64.45
2020-09-28,64.4
2020-09-29,64.0
2020-09-30,64.49
2020-10-01,64.61
2020-10-02,64.52
2020-10-03,64.62
2020-10-04,64.7
2020-10-05,64.73
2020-10-06,65.56
2020-10-07,66.29
2020-10-08,66.19
2020-10-09,67.64
2020-10-10,67.83
2020-10-11,68.11
2020-10-12,68.37
2020-10-13,68.83
2020-10-14,68.93
2020-10-15,69.22
2020-10-16,69.92
2020-10-17,70.3
2020-10-18,70.71
2020-10-19,71.16
2020-10-20,71.02
2020-10-21,71.04
2020-10-22,71.94
2020-10-23,71.29
2020-10-24,71.59
2020-10-25,71.83
2020-10-26,72.11
2020-10-27,72.03
2020-10-28,70.17
2020-10-29,69.82
2020-10-30,68.92
2020-10-31,68.94
2020-11-01,68.9
2020-11-02,68.73
2020-11-03,70.24
2020-11-04,70.23
2020-11-05,70.07
2020-11-06,68.62
2020-11-07,69.16
2020-11-08,69.56
2020-11-09,70.0
2020-11-10,69.85
2020-11-11,69.28
2020-11-12,68.48
2020-11-13,68.46
2020-11-14,68.83
2020-11-15,69.17
2020-11-16,69.57
2020-11-17,69.11
2020-11-18,69.68
2020-11-19,69.32
2020-11-20,70.88
2020-11-21,71.22
2020-11-22,71.64
2020-11-23,72.15
2020-11-24,71.53
2020-11-25,70.8
2020-11-26,71.25
2020-11-27,71.68
2020-11-28,71.28
2020-11-29,70.95
2020-11-30,70.59
2020-12-01,70.59
2020-12-02,69.99
2020-12-03,69.42
2020-12-04,69.86
2020-12-05,70.1
2020-12-06,70.35
2020-12-07,70.63
2020-12-08,70.18
2020-12-09,73.05
2020-12-10,74.26
2020-12-11,74.08
2020-12-12,74.31
2020-12-13,74.52
2020-12-14,74.67
2020-12-15,75.59
2020-12-16,75.65
2020-12-17,77.19
2020-12-18,77.16
2020-12-19,76.34
2020-12-20,75.59
2020-12-21,74.76
2020-12-22,74.82
2020-12-23,76.14
2020-12-24,76.2
2020-12-25,76.17
2020-12-26,76.18
2020-12-27,76.17
2020-12-28,76.35
2020-12-29,77.01
2020-12-30,77.97
2020-12-31,78.12
2021-01-01,78.35
2021-01-02,78.59
2021-01-03,78.82
2021-01-04,78.97
2021-01-05,80.35
2021-01-06,80.06
2021-01-07,79.76
2021-01-08,79.77
2021-01-09,80.03
2021-01-10,80.27
2021-01-11,80.43
2021-01-12,81.7
2021-01-13,80.92
2021-01-14,81.15
2021-01-15,80.7
2021-01-16,80.85
2021-01-17,80.96
2021-01-18,81.07
2021-01-19,81.15
2021-01-20,81.59
2021-01-21,82.57
2021-01-22,81.56
2021-01-23,81.85
2021-01-24,82.06
2021-01-25,82.33
2021-01-26,81.71
2021-01-27,80.84
2021-01-28,79.93
2021-01-29,80.64
2021-01-30,80.42
2021-01-31,80.26
2021-02-01,80.03
2021-02-02,80.69
2021-02-03,80.99
2021-02-04,84.28
2021-02-05,82.74
2021-02-06,83.4
2021-02-07,83.91
2021-02-08,84.28
2021-02-09,86.93
2021-02-10,84.67
2021-02-11,86.41
2021-02-12,87.27
2021-02-13,87.44
2021-02-14,87.67
2021-02-15,87.89
2021-02-16,88.12
2021-02-17,88.36
2021-02-18,88.73
2021-02-19,88.95
2021-02-20,89.62
2021-02-21,90.26
2021-02-22,90.91
2021-02-23,91.37
2021-02-24,92.33
2021-02-25,88.24
2021-02-26,87.82
2021-02-27,88.66
2021-02-28,89.39
2021-03-01,90.26
2021-03-02,89.44
2021-03-03,86.9
2021-03-04,85.59
2021-03-05,86.21
2021-03-06,86.28
2021-03-07,86.37
2021-03-08,86.77
2021-03-09,82.77
2021-03-10,85.22
2021-03-11,88.35
2021-03-12,87.56
2021-03-13,87.3
2021-03-14,87.03
2021-03-15,86.72
2021-03-16,86.92
2021-03-17,86.51
2021-03-18,85.45
2021-03-19,84.68
2021-03-20,84.67
2021-03-21,84.6
2021-03-22,84.62
2021-03-23,83.53
2021-03-24,82.44
2021-03-25,78.44
2021-03-26,80.38
2021-03-27,80.34
2021-03-28,80.42
2021-03-29,80.49
2021-03-30,80.64
2021-03-31,80.88
2021-04-01,77.95
2021-04-02,78.12
2021-04-03,78.08
2021-04-04,78.03
2021-04-05,77.88
2021-04-06,79.22
2021-04-07,79.5
2021-04-08,81.41
2021-04-09,82.4
2021-04-10,81.62
2021-04-11,80.98
2021-04-12,80.14
2021-04-13,81.82
2021-04-14,84.2
2021-04-15,85.02
2021-04-16,83.71
2021-04-17,83.63
2021-04-18,83.48
2021-04-19,83.26
2021-04-20,83.77
2021-04-21,84.83
2021-04-22,84.64
2021-04-23,87.51
2021-04-24,87.54
2021-04-25,87.77
2021-04-26,87.86
2021-04-27,90.07
2021-04-28,88.74
2021-04-29,85.89
2021-04-30,87.43
2021-05-01,87.26
2021-05-02,87.2
2021-05-03,87.21
2021-05-04,86.17
2021-05-05,86.23
2021-05-06,89.48
2021-05-07,89.66
2021-05-08,89.21
2021-05-09,88.83
2021-05-10,88.47
2021-05-11,87.75
2021-05-12,88.23
2021-05-13,84.98
2021-05-14,82.43
2021-05-15,82.57
2021-05-16,82.51
2021-05-17,82.32
2021-05-18,84.01
2021-05-19,82.92
2021-05-20,81.53
2021-05-21,82.82
2021-05-22,82.76
2021-05-23,82.78
2021-05-24,82.82
2021-05-25,82.71
2021-05-26,82.44
2021-05-27,82.61
2021-05-28,82.12
2021-05-29,82.69
2021-05-30,83.19
2021-05-31,83.68
2021-06-01,84.25
2021-06-02,83.77
2021-06-03,84.21
2021-06-04,85.8
2021-06-05,85.25
2021-06-06,84.86
2021-06-07,84.36
2021-06-08,85.14
2021-06-09,86.62
2021-06-10,87.36
2021-06-11,87.0
2021-06-12,86.32
2021-06-13,85.68
2021-06-14,84.95
2021-06-15,85.28
2021-06-16,85.33
2021-06-17,84.17
2021-06-18,84.42
2021-06-19,84.31
2021-06-20,84.21
2021-06-21,84.09
2021-06-22,84.22
2021-06-23,86.46
2021-06-24,86.03
2021-06-25,86.43
2021-06-26,86.48
2021-06-27,86.55
2021-06-28,86.66
2021-06-29,86.49
2021-06-30,84.03
2021-07-01,85.01
2021-07-02,86.03
2021-07-03,86.06
2021-07-04,86.17
2021-07-05,86.28
2021-07-06,86.38
2021-07-07,86.63
2021-07-08,85.88
2021-07-09,87.99
2021-07-10,88.06
2021-07-11,88.27
2021-07-12,88.47
2021-07-13,88.77
2021-07-14,90.57
2021-07-15,89.84
2021-07-16,90.7
2021-07-17,89.48
2021-07-18,88.41
2021-07-19,87.11
2021-07-20,88.87
2021-07-21,89.09
2021-07-22,90.27
2021-07-23,90.32
2021-07-24,90.31
2021-07-25,90.32
2021-07-26,90.29
2021-07-27,90.74
2021-07-28,90.91
2021-07-29,90.76
2021-07-30,89.83
2021-07-31,89.97
2021-08-01,90.03
2021-08-02,90.07
2021-08-03,90.3
2021-08-04,90.72
2021-08-05,91.17
2021-08-06,92.42
2021-08-07,92.01
2021-08-08,91.72
2021-08-09,91.3
2021-08-10,92.74
2021-08-11,91.64
2021-08-12,93.77
2021-08-13,95.21
2021-08-14,95.03
2021-08-15,94.97
2021-08-16,94.85
2021-08-17,95.7
2021-08-18,95.52
2021-08-19,93.47
2021-08-20,93.9
2021-08-21,94.14
2021-08-22,94.38
2021-08-23,94.54
2021-08-24,95.76
2021-08-25,95.95
2021-08-26,95.36
2021-08-27,96.27
2021-08-28,95.96
2021-08-29,95.73
2021-08-30,95.61
2021-08-31,93.91
2021-09-01,94.15
2021-09-02,95.14
2021-09-03,95.62
2021-09-04,95.53
2021-09-05,95.48
2021-09-06,95.44
2021-09-07,95.41
2021-09-08,95.2
2021-09-09,94.56
2021-09-10,95.23
2021-09-11,94.93
2021-09-12,94.7
2021-09-13,94.41
2021-09-14,94.96
2021-09-15,94.67
2021-09-16,93.41
2021-09-17,93.32
2021-09-18,92.19
2021-09-19,91.14
2021-09-20,89.89
2021-09-21,91.18
2021-09-22,91.83
2021-09-23,93.31
2021-09-24,96.85
2021-09-25,97.43
2021-09-26,98.22
2021-09-27,98.91
2021-09-28,100.91
2021-09-29,103.94
2021-09-30,107.8
2021-10-01,106.53
2021-10-02,106.82
2021-10-03,107.03
2021-10-04,106.93
2021-10-05,110.93
2021-10-06,113.1
2021-10-07,113.65
2021-10-08,110.6
2021-10-09,110.38
2021-10-10,109.97
2021-10-11,109.79
2021-10-12,106.38
2021-10-13,103.86
2021-10-14,107.1
2021-10-15,107.33
2021-10-16,107.23
2021-10-17,107.18
2021-10-18,107.04
2021-10-19,107.83
2021-10-20,110.73
2021-10-21,106.14
2021-10-22,108.26
2021-10-23,108.27
2021-10-24,108.41
2021-10-25,108.54
2021-10-26,108.71
2021-10-27,110.52
2021-10-28,113.73
2021-10-29,114.85
2021-10-30,116.42
2021-10-31,117.97
2021-11-01,119.84
2021-11-02,117.25
2021-11-03,118.82
2021-11-04,116.46
2021-11-05,116.87
2021-11-06,116.82
2021-11-07,116.79
2021-11-08,116.55
2021-11-09,119.38
2021-11-10,118.68
2021-11-11,118.54
2021-11-12,117.69
2021-11-13,117.72
2021-11-14,117.69
2021-11-15,117.62
2021-11-16,117.98
2021-11-17,119.7
2021-11-18,117.59
2021-11-19,119.22
2021-11-20,118.7
2021-11-21,118.32
2021-11-22,117.71
2021-11-23,120.36
2021-11-24,120.38
2021-11-25,118.48
2021-11-26,116.6
2021-11-27,116.58
2021-11-28,116.43
2021-11-29,116.65
2021-11-30,111.65
2021-12-01,109.39
2021-12-02,108.9
2021-12-03,109.3
2021-12-04,110.19
2021-12-05,111.04
2021-12-06,112.01
2021-12-07,111.27
2021-12-08,111.55
2021-12-09,106.59
2021-12-10,106.23
2021-12-11,106.44
2021-12-12,106.59
2021-12-13,106.81
2021-12-14,105.9
2021-12-15,105.79
2021-12-16,109.68
2021-12-17,107.3
2021-12-18,106.85
2021-12-19,106.29
2021-12-20,105.54
2021-12-21,107.27
2021-12-22,108.83
2021-12-23,109.12
2021-12-24,109.88
2021-12-25,110.61
2021-12-26,111.34
2021-12-27,112.28
2021-12-28,110.05
2021-12-29,112.99
2021-12-30,114.34
2021-12-31,112.6
2022-01-01,113.17
2022-01-02,113.63
2022-01-03,113.23
2022-01-04,116.39
2022-01-05,116.28
2022-01-06,114.72
2022-01-07,115.12
2022-01-08,115.16
2022-01-09,115.22
2022-01-10,115.22
2022-01-11,116.02
2022-01-12,117.64
2022-01-13,116.84
2022-01-14,119.7
2022-01-15,119.96
2022-01-16,120.39
2022-01-17,120.82
2022-01-18,121.08
2022-01-19,123.95
2022-01-20,122.87
2022-01-21,120.75
2022-01-22,120.75
2022-01-23,120.6
2022-01-24,120.38
2022-01-25,120.92
2022-01-26,122.33
2022-01-27,121.63
2022-01-28,123.76
2022-01-29,124.95
2022-01-30,126.2
2022-01-31,127.57
2022-02-01,127.33
2022-02-02,126.33
2022-02-03,127.62
2022-02-04,126.74
2022-02-05,126.42
2022-02-06,126.07
2022-02-07,125.57
2022-02-08,127.15
2022-02-09,126.43
2022-02-10,125.66
2022-02-11,125.28
2022-02-12,124.5
2022-02-13,123.75
2022-02-14,122.93
2022-02-15,123.04
2022-02-16,121.91
2022-02-17,121.93
2022-02-18,122.99
2022-02-19,122.47
2022-02-20,122.06
2022-02-21,121.65
2022-02-22,121.11
2022-02-23,122.4
2022-02-24,122.59
2022-02-25,122.12
2022-02-26,122.39
2022-02-27,122.6
2022-02-28,122.57
2022-03-01,126.35
2022-03-02,122.04
2022-03-03,123.55
2022-03-04,120.2
2022-03-05,120.56
2022-03-06,120.66
2022-03-07,120.66
2022-03-08,122.17
2022-03-09,121.67
2022-03-10,116.86
2022-03-11,121.03
2022-03-12,120.06
2022-03-13,119.44
2022-03-14,118.77
2022-03-15,118.6
2022-03-16,119.8
2022-03-17,121.86
2022-03-18,126.86
2022-03-19,127.68
2022-03-20,128.8
2022-03-21,130.01
2022-03-22,130.04
2022-03-23,130.03
2022-03-24,130.9
2022-03-25,135.9
2022-03-26,136.68
2022-03-27,137.75
2022-03-28,139.07
2022-03-29,136.81
2022-03-30,139.84
2022-03-31,135.69
2022-04-01,134.55
2022-04-02,135.77
2022-04-03,136.79
2022-04-04,137.94
2022-04-05,137.53
2022-04-06,135.69
2022-04-07,133.2
2022-04-08,132.41
2022-04-09,133.54
2022-04-10,134.51
2022-04-11,135.29
2022-04-12,138.51
2022-04-13,142.77
2022-04-14,141.98
2022-04-15,142.62
2022-04-16,143.19
2022-04-17,143.75
2022-04-18,144.74
2022-04-19,139.68
2022-04-20,140.39
2022-04-21,138.59
2022-04-22,139.46
2022-04-23,140.13
2022-04-24,140.8
2022-04-25,141.41
2022-04-26,142.53
2022-04-27,146.08
2022-04-28,153.08
2022-04-29,152.33
2022-04-30,153.9
2022-05-01,155.34
2022-05-02,157.16
2022-05-03,153.33
2022-05-04,158.02
2022-05-05,152.02
2022-05-06,146.87
2022-05-07,145.8
2022-05-08,144.43
2022-05-09,142.93
2022-05-10,142.94
2022-05-11,143.6
2022-05-12,145.53
2022-05-13,145.2
2022-05-14,147.01
2022-05-15,148.67
2022-05-16,150.65
2022-05-17,148.46
2022-05-18,144.47
2022-05-19,147.7
2022-05-20,142.27
2022-05-21,142.67
2022-05-22,142.67
2022-05-23,142.75
2022-05-24,141.54
2022-05-25,145.16
2022-05-26,140.61
2022-05-27,139.42
2022-05-28,139.34
2022-05-29,139.16
2022-05-30,138.97
2022-05-31,138.98
2022-06-01,136.06
2022-06-02,139.11
2022-06-03,138.18
2022-06-04,138.05
2022-06-05,137.89
2022-06-06,137.74
2022-06-07,136.95
2022-06-08,140.62
2022-06-09,146.51
2022-06-10,145.06
2022-06-11,145.26
2022-06-12,145.37
2022-06-13,145.66
2022-06-14,143.48
2022-06-15,143.18
2022-06-16,143.53
2022-06-17,143.45
2022-06-18,143.45
2022-06-19,143.45
2022-06-20,143.44
2022-06-21,143.51
2022-06-22,143.32
2022-06-23,136.32
2022-06-24,103.76
2022-06-25,104.26
2022-06-26,102.38
2022-06-27,100.35
2022-06-28,100.12
2022-06-29,104.28
2022-06-30,103.94
2022-07-01,103.68
2022-07-02,102.56
2022-07-03,101.51
2022-07-04,100.46
2022-07-05,99.68
2022-07-06,94.69
2022-07-07,98.12
2022-07-08,102.61
2022-07-09,102.2
2022-07-10,102.16
2022-07-11,102.44
2022-07-12,98.44
2022-07-13,95.41
2022-07-14,91.41
2022-07-15,96.41
2022-07-16,97.54
2022-07-17,98.92
2022-07-18,100.42
2022-07-19,100.2
2022-07-20,100.38
2022-07-21,99.6
2022-07-22,99.43
2022-07-23,98.85
2022-07-24,98.29
2022-07-25,97.52
2022-07-26,99.69
2022-07-27,99.83
2022-07-28,102.37
2022-07-29,103.13
2022-07-30,102.12
2022-07-31,101.26
2022-08-01,100.29
2022-08-02,100.87
2022-08-03,100.36
2022-08-04,100.12
2022-08-05,101.68
2022-08-06,101.65
2022-08-07,101.73
2022-08-08,101.58
2022-08-09,104.54
2022-08-10,106.75
2022-08-11,110.44
2022-08-12,114.44
2022-08-13,116.0
2022-08-14,117.74
2022-08-15,119.44
2022-08-16,122.25
2022-08-17,118.32
2022-08-18,117.12
2022-08-19,119.75
2022-08-20,118.95
2022-08-21,118.38
2022-08-22,117.89
2022-08-23,116.26
2022-08-24,117.57
2022-08-25,117.18
2022-08-26,122.12
2022-08-27,121.72
2022-08-28,121.7
2022-08-29,122.02
2022-08-30,117.47
2022-08-31,118.29
2022-09-01,113.29
2022-09-02,108.39
2022-09-03,108.62
2022-09-04,108.46
2022-09-05,108.31
2022-09-06,108.29
2022-09-07,106.1
2022-09-08,108.32
2022-09-09,109.52
2022-09-10,109.59
2022-09-11,109.75
2022-09-12,110.21
2022-09-13,106.32
2022-09-14,107.09
2022-09-15,105.24
2022-09-16,101.24
2022-09-17,100.09
2022-09-18,98.73
2022-09-19,97.54
2022-09-20,93.54
2022-09-21,97.25
2022-09-22,96.83
2022-09-23,94.49
2022-09-24,93.17
2022-09-25,91.79
2022-09-26,90.32
2022-09-27,90.04
2022-09-28,90.44
2022-09-29,87.11
2022-09-30,93.22
2022-10-01,92.65
2022-10-02,92.54
2022-10-03,92.14
2022-10-04,96.14
2022-10-05,91.23
2022-10-06,90.9
2022-10-07,92.23
2022-10-08,90.81
2022-10-09,89.58
2022-10-10,88.23
2022-10-11,88.86
2022-10-12,84.92
2022-10-13,84.79
2022-10-14,83.15
2022-10-15,83.18
2022-10-16,83.1
2022-10-17,83.09
2022-10-18,82.29
2022-10-19,78.29
2022-10-20,77.4
2022-10-21,79.13
2022-10-22,78.08
2022-10-23,77.23
2022-10-24,76.13
2022-10-25,78.47
2022-10-26,77.82
2022-10-27,75.11
2022-10-28,72.11
2022-10-29,72.32
2022-10-30,72.29
2022-10-31,72.0
2022-11-01,75.0
2022-11-02,79.0
2022-11-03,83.0
2022-11-04,86.93
2022-11-05,86.91
2022-11-06,87.19
2022-11-07,87.49
2022-11-08,87.68
2022-11-09,86.5
2022-11-10,86.38
2022-11-11,88.2
2022-11-12,87.2
2022-11-13,86.4
2022-11-14,85.28
2022-11-15,88.74
2022-11-16,88.44
2022-11-17,87.04
2022-11-18,85.16
2022-11-19,83.95
2022-11-20,82.69
2022-11-21,81.16
2022-11-22,83.22
2022-11-23,83.94
2022-11-24,82.6
2022-11-25,81.34
2022-11-26,81.06
2022-11-27,80.71
2022-11-28,80.2
2022-11-29,81.6
2022-11-30,86.05
2022-12-01,85.93
2022-12-02,84.28
2022-12-03,84.59
2022-12-04,84.77
2022-12-05,84.94
2022-12-06,85.39
2022-12-07,82.61
2022-12-08,80.85
2022-12-09,80.95
2022-12-10,80.48
2022-12-11,80.04
2022-12-12,79.39
2022-12-13,81.63
2022-12-14,81.37
2022-12-15,81.03
2022-12-16,81.92
2022-12-17,82.71
2022-12-18,83.51
2022-12-19,84.08
2022-12-20,87.84
2022-12-21,88.3
2022-12-22,84.3
2022-12-23,85.21
2022-12-24,84.9
2022-12-25,84.66
2022-12-26,84.42
2022-12-27,84.24
2022-12-28,83.26
2022-12-29,82.64
2022-12-30,83.37
2022-12-31,83.22
2023-01-01,83.13
2023-01-02,83.04
2023-01-03,83.14
2023-01-04,80.44
2023-01-05,82.58
2023-01-06,85.68
2023-01-07,85.66
2023-01-08,85.87
2023-01-09,86.22
2023-01-10,84.76
2023-01-11,84.26
2023-01-12,82.04
2023-01-13,82.29
2023-01-14,82.46
2023-01-15,82.62
2023-01-16,82.79
2023-01-17,82.82
2023-01-18,84.81
2023-01-19,83.39
2023-01-20,86.7
2023-01-21,86.75
2023-01-22,87.01
2023-01-23,87.39
2023-01-24,86.24
2023-01-25,86.66
2023-01-26,87.5
2023-01-27,86.89
2023-01-28,86.33
2023-01-29,85.78
2023-01-30,85.1
2023-01-31,86.22
2023-02-01,85.61
2023-02-02,86.39
2023-02-03,85.43
2023-02-04,84.8
2023-02-05,84.15
2023-02-06,83.27
2023-02-07,85.63
2023-02-08,85.37
2023-02-09,85.5
2023-02-10,85.27
2023-02-11,85.4
2023-02-12,85.5
2023-02-13,85.64
2023-02-14,85.4
2023-02-15,82.55
2023-02-16,81.25
2023-02-17,80.25
2023-02-18,80.51
2023-02-19,80.68
2023-02-20,80.84
2023-02-21,80.92
2023-02-22,82.25
2023-02-23,82.41
2023-02-24,85.13
2023-02-25,84.93
2023-02-26,84.93
2023-02-27,85.0
2023-02-28,84.19
2023-03-01,84.57
2023-03-02,82.85
2023-03-03,84.37
2023-03-04,84.42
2023-03-05,84.56
2023-03-06,84.86
2023-03-07,82.89
2023-03-08,82.74
2023-03-09,82.3
2023-03-10,78.18
2023-03-11,79.42
2023-03-12,80.26
2023-03-13,81.18
2023-03-14,81.37
2023-03-15,79.11
2023-03-16,79.16
2023-03-17,77.83
2023-03-18,77.71
2023-03-19,77.5
2023-03-20,77.22
2023-03-21,77.85
2023-03-22,78.28
2023-03-23,77.58
2023-03-24,76.54
2023-03-25,77.69
2023-03-26,78.68
2023-03-27,79.52
2023-03-28,82.52
2023-03-29,82.76
2023-03-30,83.5
2023-03-31,82.78
2023-04-01,82.64
2023-04-02,82.47
2023-04-03,82.38
2023-04-04,81.05
2023-04-05,81.07
2023-04-06,83.2
2023-04-07,82.89
2023-04-08,82.75
2023-04-09,82.62
2023-04-10,82.45
2023-04-11,82.75
2023-04-12,82.45
2023-04-13,83.35
2023-04-14,82.86
2023-04-15,83.06
2023-04-16,83.22
2023-04-17,83.3
2023-04-18,84.55
2023-04-19,83.24
2023-04-20,79.24
2023-04-21,78.41
2023-04-22,78.61
2023-04-23,78.71
2023-04-24,78.98
2023-04-25,77.0
2023-04-26,76.51
2023-04-27,78.63
2023-04-28,79.03
2023-04-29,79.15
2023-04-30,79.3
2023-05-01,79.54
2023-05-02,78.6
2023-05-03,76.99
2023-05-04,79.99
2023-05-05,82.13
2023-05-06,81.79
2023-05-07,81.65
2023-05-08,81.53
2023-05-09,80.99
2023-05-10,80.76
2023-05-11,79.62
2023-05-12,80.53
2023-05-13,81.15
2023-05-14,81.78
2023-05-15,82.37
2023-05-16,83.38
2023-05-17,86.94
2023-05-18,86.66
2023-05-19,86.72
2023-05-20,86.21
2023-05-21,85.74
2023-05-22,85.32
2023-05-23,84.35
2023-05-24,81.72
2023-05-25,80.12
2023-05-26,83.35
2023-05-27,83.34
2023-05-28,83.54
2023-05-29,83.75
2023-05-30,83.99
2023-05-31,83.48
2023-06-01,86.42
2023-06-02,86.05
2023-06-03,85.64
2023-06-04,85.25
2023-06-05,84.79
2023-06-06,85.34
2023-06-07,85.01
2023-06-08,84.31
2023-06-09,84.04
2023-06-10,83.85
2023-06-11,83.64
2023-06-12,83.49
2023-06-13,82.72
2023-06-14,81.79
2023-06-15,80.64
2023-06-16,81.46
2023-06-17,81.18
2023-06-18,80.98
2023-06-19,80.78
2023-06-20,80.66
2023-06-21,79.31
2023-06-22,79.29
2023-06-23,78.06
2023-06-24,77.8
2023-06-25,77.48
2023-06-26,77.07
2023-06-27,77.64
2023-06-28,80.12
2023-06-29,81.25
2023-06-30,82.84
2023-07-01,82.94
2023-07-02,83.16
2023-07-03,83.43
2023-07-04,82.94
2023-07-05,82.45
2023-07-06,82.88
2023-07-07,81.2
2023-07-08,80.93
2023-07-09,80.57
2023-07-10,79.95
2023-07-11,82.95
2023-07-12,82.51
2023-07-13,82.79
2023-07-14,82.66
2023-07-15,82.96
2023-07-16,83.23
2023-07-17,83.49
2023-07-18,83.78
2023-07-19,85.62
2023-07-20,85.93
2023-07-21,85.08
2023-07-22,85.37
2023-07-23,85.58
2023-07-24,85.58
2023-07-25,88.55
2023-07-26,89.98
2023-07-27,86.62
2023-07-28,85.06
2023-07-29,85.31
2023-07-30,85.42
2023-07-31,85.44
2023-08-01,86.87
2023-08-02,85.08
2023-08-03,85.28
2023-08-04,85.27
2023-08-05,85.65
2023-08-06,85.99
2023-08-07,86.38
2023-08-08,86.2
2023-08-09,86.11
2023-08-10,87.29
2023-08-11,89.29
2023-08-12,88.58
2023-08-13,88.08
2023-08-14,87.65
2023-08-15,86.2
2023-08-16,85.32
2023-08-17,84.36
2023-08-18,84.32
2023-08-19,84.39
2023-08-20,84.45
2023-08-21,84.46
2023-08-22,84.99
2023-08-23,86.21
2023-08-24,86.09
2023-08-25,87.51
2023-08-26,87.29
2023-08-27,87.19
2023-08-28,87.07
2023-08-29,87.09
2023-08-30,88.28
2023-08-31,88.1
2023-09-01,89.61
2023-09-02,89.06
2023-09-03,88.66
2023-09-04,88.27
2023-09-05,88.0
2023-09-06,86.0
2023-09-07,83.62
2023-09-08,84.41
2023-09-09,85.27
2023-09-10,86.1
2023-09-11,86.97
2023-09-12,87.49
2023-09-13,85.67
2023-09-14,86.47
2023-09-15,85.39
2023-09-16,85.51
2023-09-17,85.54
2023-09-18,85.54
2023-09-19,86.06
2023-09-20,85.37
2023-09-21,84.87
2023-09-22,84.04
2023-09-23,84.94
2023-09-24,85.72
2023-09-25,86.42
2023-09-26,88.18
2023-09-27,88.4
2023-09-28,88.73
2023-09-29,86.86
2023-09-30,87.15
2023-10-01,87.29
2023-10-02,87.46
2023-10-03,87.14
2023-10-04,86.72
2023-10-05,86.25
2023-10-06,86.85
2023-10-07,86.73
2023-10-08,86.65
2023-10-09,86.67
2023-10-10,85.45
2023-10-11,85.05
2023-10-12,84.92
2023-10-13,86.06
2023-10-14,85.64
2023-10-15,85.34
2023-10-16,85.15
2023-10-17,83.23
2023-10-18,84.24
2023-10-19,84.27
2023-10-20,82.4
2023-10-21,82.93
2023-10-22,83.29
2023-10-23,83.73
2023-10-24,82.93
2023-10-25,83.81
2023-10-26,84.59
2023-10-27,84.38
2023-10-28,83.84
2023-10-29,83.33
2023-10-30,82.91
2023-10-31,81.22
2023-11-01,79.44
2023-11-02,79.8
2023-11-03,79.62
2023-11-04,79.03
2023-11-05,78.48
2023-11-06,78.0
2023-11-07,76.48
2023-11-08,74.89
2023-11-09,76.52
2023-11-10,77.32
2023-11-11,77.36
2023-11-12,77.46
2023-11-13,77.48
2023-11-14,78.68
2023-11-15,78.41
2023-11-16,78.68
2023-11-17,78.92
2023-11-18,78.57
2023-11-19,78.27
2023-11-20,77.97
2023-11-21,77.34
2023-11-22,79.58
2023-11-23,79.88
2023-11-24,80.39
2023-11-25,79.75
2023-11-26,79.19
2023-11-27,78.59
2023-11-28,78.6
2023-11-29,78.59
2023-11-30,79.4
2023-12-01,78.42
2023-12-02,78.24
2023-12-03,78.01
2023-12-04,77.68
2023-12-05,78.68
2023-12-06,78.75
2023-12-07,82.59
2023-12-08,81.44
2023-12-09,81.65
2023-12-10,81.78
2023-12-11,82.0
2023-12-12,81.05
2023-12-13,81.18
2023-12-14,80.81
2023-12-15,79.93
2023-12-16,79.7
2023-12-17,79.42
2023-12-18,79.1
2023-12-19,79.46
2023-12-20,79.21
2023-12-21,79.13
2023-12-22,79.76
2023-12-23,79.81
2023-12-24,79.9
2023-12-25,79.99
2023-12-26,80.05
2023-12-27,80.53
2023-12-28,80.95
2023-12-29,81.0
2023-12-30,80.74
2023-12-31,80.5
2024-01-01,80.27
2024-01-02,79.94
2024-01-03,80.93
2024-01-04,80.12
2024-01-05,80.19
2024-01-06,80.28
2024-01-07,80.35
2024-01-08,80.42
2024-01-09,80.73
2024-01-10,80.18
2024-01-11,81.36
2024-01-12,81.31
2024-01-13,81.32
2024-01-14,81.34
2024-01-15,81.35
2024-01-16,81.33
2024-01-17,81.7
2024-01-18,82.51
2024-01-19,83.95
2024-01-20,84.17
2024-01-21,84.48
2024-01-22,84.83
2024-01-23,84.6
2024-01-24,85.4
2024-01-25,85.76
2024-01-26,84.37
2024-01-27,84.42
2024-01-28,84.36
2024-01-29,84.26
2024-01-30,84.78
2024-01-31,85.17
2024-02-01,86.49
2024-02-02,87.11
2024-02-03,87.06
2024-02-04,87.07
2024-02-05,87.04
2024-02-06,87.54
2024-02-07,88.47
2024-02-08,89.1
2024-02-09,91.78
2024-02-10,91.25
2024-02-11,90.94
2024-02-12,90.53
2024-02-13,91.52
2024-02-14,93.48
2024-02-15,94.63
2024-02-16,93.87
2024-02-17,93.24
2024-02-18,92.61
2024-02-19,91.99
2024-02-20,91.19
2024-02-21,92.6
2024-02-22,94.2
2024-02-23,94.93
2024-02-24,95.56
2024-02-25,96.21
2024-02-26,96.58
2024-02-27,100.75
2024-02-28,103.07
2024-02-29,101.56
2024-03-01,97.56
2024-03-02,98.06
2024-03-03,98.23
2024-03-04,98.44
2024-03-05,98.1
2024-03-06,99.14
2024-03-07,99.28
2024-03-08,95.28
2024-03-09,95.41
2024-03-10,95.25
2024-03-11,95.06
2024-03-12,95.23
2024-03-13,94.9
2024-03-14,93.48
2024-03-15,93.94
2024-03-16,94.1
2024-03-17,94.28
2024-03-18,94.57
2024-03-19,93.34
2024-03-20,92.18
2024-03-21,92.21
2024-03-22,91.53
2024-03-23,91.76
2024-03-24,91.93
2024-03-25,92.02
2024-03-26,93.41
2024-03-27,90.77
2024-03-28,91.38
2024-03-29,91.67
2024-03-30,91.97
2024-03-31,92.27
2024-04-01,92.76
2024-04-02,90.81
2024-04-03,88.98
2024-04-04,87.14
2024-04-05,86.25
2024-04-06,86.42
2024-04-07,86.51
2024-04-08,86.65
2024-04-09,86.04
2024-04-10,85.31
2024-04-11,83.37
2024-04-12,82.62
2024-04-13,82.72
2024-04-14,82.76
2024-04-15,82.93
2024-04-16,81.29
2024-04-17,79.56
2024-04-18,78.1
2024-04-19,78.69
2024-04-20,79.13
2024-04-21,79.57
2024-04-22,80.04
2024-04-23,80.22
2024-04-24,79.51
2024-04-25,79.58
2024-04-26,79.4
2024-04-27,79.56
2024-04-28,79.7
2024-04-29,80.02
2024-04-30,77.92
2024-05-01,75.81
2024-05-02,74.92
2024-05-03,77.36
2024-05-04,76.99
2024-05-05,76.81
2024-05-06,76.56
2024-05-07,77.0
2024-05-08,80.06
2024-05-09,78.6
2024-05-10,77.31
2024-05-11,77.41
2024-05-12,77.41
2024-05-13,77.63
2024-05-14,74.63
2024-05-15,75.41
2024-05-16,76.24
2024-05-17,75.89
2024-05-18,75.97
2024-05-19,76.02
2024-05-20,76.03
2024-05-21,76.38
2024-05-22,79.38
2024-05-23,81.72
2024-05-24,80.52
2024-05-25,81.04
2024-05-26,81.45
2024-05-27,81.86
2024-05-28,82.43
2024-05-29,81.1
2024-05-30,77.76
2024-05-31,76.15
2024-06-01,75.23
2024-06-02,74.25
2024-06-03,73.15
2024-06-04,73.48
2024-06-05,74.44
2024-06-06,75.44
2024-06-07,73.84
2024-06-08,73.24
2024-06-09,72.59
2024-06-10,71.81
2024-06-11,72.73
2024-06-12,71.74
2024-06-13,71.35
2024-06-14,70.97
2024-06-15,70.67
2024-06-16,70.36
2024-06-17,69.94
2024-06-18,71.03
2024-06-19,70.8
2024-06-20,70.85
2024-06-21,68.19
2024-06-22,69.42
2024-06-23,70.36
2024-06-24,71.29
2024-06-25,72.6
2024-06-26,72.7
2024-06-27,72.02
2024-06-28,69.81
2024-06-29,69.99
2024-06-30,70.0
2024-07-01,70.07
2024-07-02,69.33
2024-07-03,68.68
2024-07-04,68.02
2024-07-05,67.31
2024-07-06,67.35
2024-07-07,67.33
2024-07-08,67.32
2024-07-09,66.96
2024-07-10,69.33
2024-07-11,69.06
2024-07-12,68.92
2024-07-13,69.58
2024-07-14,70.18
2024-07-15,70.86
2024-07-16,70.37
2024-07-17,71.12
2024-07-18,71.37
2024-07-19,69.98
2024-07-20,70.04
2024-07-21,70.01
2024-07-22,70.13
2024-07-23,68.03
2024-07-24,67.01
2024-07-25,67.21
2024-07-26,66.07
2024-07-27,66.64
2024-07-28,67.08
2024-07-29,67.51
2024-07-30,68.15
2024-07-31,67.98
2024-08-01,66.88
2024-08-02,67.18
2024-08-03,66.95
2024-08-04,66.74
2024-08-05,66.55
2024-08-06,66.2
2024-08-07,66.47
2024-08-08,65.79
2024-08-09,67.09
2024-08-10,67.4
2024-08-11,67.78
2024-08-12,68.29
2024-08-13,67.1
2024-08-14,66.18
2024-08-15,66.34
2024-08-16,66.46
2024-08-17,67.0
2024-08-18,67.5
2024-08-19,67.98
2024-08-20,68.8
2024-08-21,69.71
2024-08-22,69.59
2024-08-23,71.29
2024-08-24,70.95
2024-08-25,70.75
2024-08-26,70.58
2024-08-27,70.02
2024-08-28,68.74
2024-08-29,70.13
2024-08-30,69.79
2024-08-31,70.04
2024-09-01,70.25
2024-09-02,70.46
2024-09-03,70.76
2024-09-04,69.89
2024-09-05,69.49
2024-09-06,67.12
2024-09-07,67.4
2024-09-08,67.49
2024-09-09,67.54
2024-09-10,68.08
2024-09-11,69.31
2024-09-12,70.05
2024-09-13,69.48
2024-09-14,70.26
2024-09-15,70.94
2024-09-16,71.75
2024-09-17,70.81
2024-09-18,69.68
2024-09-19,71.58
2024-09-20,72.21
2024-09-21,72.04
2024-09-22,71.93
2024-09-23,71.7
2024-09-24,73.1
2024-09-25,74.02
2024-09-26,73.86
2024-09-27,73.54
2024-09-28,73.55
2024-09-29,73.53
2024-09-30,73.56
2024-10-01,73.0
2024-10-02,73.16
2024-10-03,72.49
2024-10-04,73.03
2024-10-05,73.06
2024-10-06,73.13
2024-10-07,73.29
2024-10-08,72.03
2024-10-09,72.01
2024-10-10,72.66
2024-10-11,72.21
2024-10-12,71.82
2024-10-13,71.43
2024-10-14,71.03
2024-10-15,70.62
2024-10-16,71.26
2024-10-17,70.76
2024-10-18,70.99
2024-10-19,71.39
2024-10-20,71.78
2024-10-21,72.2
2024-10-22,72.08
2024-10-23,72.51
2024-10-24,71.53
2024-10-25,70.66
2024-10-26,70.61
2024-10-27,70.49
2024-10-28,70.36
2024-10-29,70.56
2024-10-30,69.92
2024-10-31,69.57
2024-11-01,70.17
2024-11-02,70.06
2024-11-03,70.0
2024-11-04,69.93
2024-11-05,69.95
2024-11-06,69.69
2024-11-07,71.05
2024-11-08,70.98
2024-11-09,70.51
2024-11-10,70.08
2024-11-11,69.69
2024-11-12,68.77
2024-11-13,68.9
2024-11-14,68.32
2024-11-15,66.8
2024-11-16,66.83
2024-11-17,66.74
2024-11-18,66.62
2024-11-19,66.89
2024-11-20,68.46
2024-11-21,69.19
2024-11-22,71.65
2024-11-23,72.06
2024-11-24,72.61
2024-11-25,73.2
2024-11-26,73.37
2024-11-27,73.57
2024-11-28,73.44
2024-11-29,73.35
2024-11-30,73.05
2024-12-01,72.76
2024-12-02,72.43
2024-12-03,72.69
2024-12-04,72.6
2024-12-05,72.39
2024-12-06,71.4
2024-12-07,70.94
2024-12-08,70.45
2024-12-09,69.95
2024-12-10,69.48
2024-12-11,70.15
2024-12-12,70.09
2024-12-13,69.27
2024-12-14,69.23
2024-12-15,69.13
2024-12-16,69.06
2024-12-17,68.69
2024-12-18,68.08
2024-12-19,67.91
2024-12-20,68.06
2024-12-21,68.5
2024-12-22,68.92
2024-12-23,69.42
2024-12-24,68.78
2024-12-25,68.79
2024-12-26,68.75
2024-12-27,68.89
2024-12-28,68.74
2024-12-29,68.61
2024-12-30,68.48
2024-12-31,68.4
2025-01-01,68.45
2025-01-02,68.57
2025-01-03,67.66
2025-01-04,68.05
2025-01-05,68.35
2025-01-06,68.68
2025-01-07,68.51
2025-01-08,68.23
2025-01-09,68.5
2025-01-10,67.01
2025-01-11,67.3
2025-01-12,67.46
2025-01-13,67.64
2025-01-14,67.5
2025-01-15,67.77
2025-01-16,66.73
2025-01-17,67.6
2025-01-18,67.56
2025-01-19,67.58
2025-01-20,67.6
2025-01-21,67.66
2025-01-22,67.14
2025-01-23,67.47
2025-01-24,67.61
2025-01-25,67.48
2025-01-26,67.37
2025-01-27,67.27
2025-01-28,66.98
2025-01-29,66.66
2025-01-30,66.27
2025-01-31,65.88
2025-02-01,65.98
2025-02-02,66.04
2025-02-03,66.04
2025-02-04,66.94
2025-02-05,66.04
2025-02-06,66.03
2025-02-07,65.63
2025-02-08,66.38
2025-02-09,67.05
2025-02-10,67.71
2025-02-11,68.45
2025-02-12,68.57
2025-02-13,67.98
2025-02-14,68.31
2025-02-15,68.4
2025-02-16,68.51
2025-02-17,68.62
2025-02-18,68.82
2025-02-19,67.68
2025-02-20,67.47
2025-02-21,67.34
2025-02-22,67.53
2025-02-23,67.7
2025-02-24,67.88
2025-02-25,67.83
2025-02-26,66.89
