Date,Price
01/01/2013,"70,66"
02/01/2013,"75,53"
03/01/2013,"75,68"
04/01/2013,"74,95"
05/01/2013,"75,22"
06/01/2013,"75,42"
07/01/2013,"75,68"
08/01/2013,"75,12"
09/01/2013,"74,81"
10/01/2013,"75,03"
11/01/2013,"75,61"
12/01/2013,"75,57"
13/01/2013,"75,57"
14/01/2013,"75,51"
15/01/2013,"76,18"
16/01/2013,"77,17"
17/01/2013,"77,81"
18/01/2013,"78,72"
19/01/2013,"78,71"
20/01/2013,"78,72"
21/01/2013,"79,36"
22/01/2013,"79,96"
23/01/2013,"80,47"
24/01/2013,"82,34"
25/01/2013,"80,76"
26/01/2013,"81,06"
27/01/2013,"81,23"
28/01/2013,"81,33"
29/01/2013,"82,43"
30/01/2013,"83,03"
31/01/2013,"83,03"
01/02/2013,"83,04"
02/02/2013,"82,56"
03/02/2013,"82,11"
04/02/2013,"81,61"
05/02/2013,"81,79"
06/02/2013,"81,95"
07/02/2013,"81,44"
08/02/2013,"82,74"
09/02/2013,"82,69"
10/02/2013,"82,74"
11/02/2013,"82,89"
12/02/2013,"81,61"
13/02/2013,"81,11"
14/02/2013,"80,98"
15/02/2013,"81,27"
16/02/2013,"82,04"
17/02/2013,"82,77"
18/02/2013,"83,5"
19/02/2013,"84,29"
20/02/2013,"84,48"
21/02/2013,"83,11"
22/02/2013,"82,96"
23/02/2013,"82,56"
24/02/2013,"82,18"
25/02/2013,"81,73"
26/02/2013,"81,89"
27/02/2013,"84,54"
28/02/2013,"85,18"
01/03/2013,"85,53"
02/03/2013,"85,84"
03/03/2013,"86,15"
04/03/2013,"86,45"
05/03/2013,"87,01"
06/03/2013,"87,32"
07/03/2013,"86,28"
08/03/2013,"86,78"
09/03/2013,"86,81"
10/03/2013,"86,87"
11/03/2013,"86,89"
12/03/2013,"87,33"
13/03/2013,"88,53"
14/03/2013,"90,93"
15/03/2013,"92,57"
16/03/2013,"91,87"
17/03/2013,"91,34"
18/03/2013,"90,77"
19/03/2013,"91,04"
20/03/2013,"89,07"
21/03/2013,"88,29"
22/03/2013,"87,11"
23/03/2013,"87,04"
24/03/2013,"86,89"
25/03/2013,"86,63"
26/03/2013,"87,84"
27/03/2013,"88,56"
28/03/2013,"88,39"
29/03/2013,"88,14"
30/03/2013,"87,89"
31/03/2013,"87,65"
01/04/2013,"87,29"
02/04/2013,"88,57"
03/04/2013,"89,11"
04/04/2013,"88,15"
05/04/2013,"86,71"
06/04/2013,"86,28"
07/04/2013,"85,77"
08/04/2013,"85,26"
09/04/2013,"84,64"
10/04/2013,"85,46"
11/04/2013,"84,64"
12/04/2013,"85,99"
13/04/2013,"85,3"
14/04/2013,"84,75"
15/04/2013,"84,21"
16/04/2013,"83,36"
17/04/2013,"84,57"
18/04/2013,"83,46"
19/04/2013,"83,34"
20/04/2013,"84,23"
21/04/2013,"85,04"
22/04/2013,"86,02"
23/04/2013,"84,88"
24/04/2013,"82,99"
25/04/2013,"83,42"
26/04/2013,"84,32"
27/04/2013,"84,85"
28/04/2013,"85,4"
29/04/2013,"85,89"
30/04/2013,"87,53"
01/05/2013,"83,93"
02/05/2013,"85,66"
03/05/2013,"86,28"
04/05/2013,"86,63"
05/05/2013,87
06/05/2013,"87,42"
07/05/2013,"87,13"
08/05/2013,"87,71"
09/05/2013,"87,72"
10/05/2013,"86,65"
11/05/2013,"86,52"
12/05/2013,"86,33"
13/05/2013,"86,07"
14/05/2013,"86,82"
15/05/2013,"86,49"
16/05/2013,"86,14"
17/05/2013,"86,35"
18/05/2013,"86,11"
19/05/2013,"85,89"
20/05/2013,"85,81"
21/05/2013,"83,96"
22/05/2013,"83,44"
23/05/2013,"81,68"
24/05/2013,"81,57"
25/05/2013,"81,55"
26/05/2013,"81,51"
27/05/2013,"81,48"
28/05/2013,"81,5"
29/05/2013,"80,71"
30/05/2013,"80,37"
31/05/2013,"79,38"
01/06/2013,"80,5"
02/06/2013,"81,46"
03/06/2013,"82,35"
04/06/2013,"84,39"
05/06/2013,"83,35"
06/06/2013,"84,79"
07/06/2013,"84,75"
08/06/2013,"85,45"
09/06/2013,"86,1"
10/06/2013,"86,69"
11/06/2013,"88,11"
12/06/2013,"90,08"
13/06/2013,"91,75"
14/06/2013,"90,15"
15/06/2013,"89,61"
16/06/2013,"89,02"
17/06/2013,"88,49"
18/06/2013,"86,96"
19/06/2013,"86,67"
20/06/2013,"85,37"
21/06/2013,"84,54"
22/06/2013,"84,16"
23/06/2013,"83,75"
24/06/2013,"83,18"
25/06/2013,"84,8"
26/06/2013,"84,06"
27/06/2013,84
28/06/2013,"84,32"
29/06/2013,"84,7"
30/06/2013,"85,08"
01/07/2013,"85,53"
02/07/2013,"84,89"
03/07/2013,"85,42"
04/07/2013,"85,42"
05/07/2013,"85,17"
06/07/2013,"85,25"
07/07/2013,"85,31"
08/07/2013,"85,33"
09/07/2013,"85,74"
10/07/2013,"86,62"
11/07/2013,"84,92"
12/07/2013,"85,07"
13/07/2013,"85,06"
14/07/2013,"85,06"
15/07/2013,"85,1"
16/07/2013,"84,53"
17/07/2013,"83,74"
18/07/2013,"84,72"
19/07/2013,"85,95"
20/07/2013,"85,98"
21/07/2013,"86,1"
22/07/2013,"86,26"
23/07/2013,"85,89"
24/07/2013,"85,82"
25/07/2013,"85,95"
26/07/2013,"85,12"
27/07/2013,"85,04"
28/07/2013,"84,91"
29/07/2013,"84,74"
30/07/2013,"85,07"
31/07/2013,"85,17"
01/08/2013,"85,43"
02/08/2013,"85,08"
03/08/2013,"85,12"
04/08/2013,"85,14"
05/08/2013,"85,1"
06/08/2013,"85,7"
07/08/2013,"88,11"
08/08/2013,"89,29"
09/08/2013,"88,86"
10/08/2013,"89,39"
11/08/2013,"89,86"
12/08/2013,"90,29"
13/08/2013,"91,39"
14/08/2013,"91,35"
15/08/2013,"91,74"
16/08/2013,"92,91"
17/08/2013,"92,68"
18/08/2013,"92,56"
19/08/2013,"92,75"
20/08/2013,"88,87"
21/08/2013,84
22/08/2013,"84,28"
23/08/2013,"84,18"
24/08/2013,"84,33"
25/08/2013,"84,47"
26/08/2013,"84,66"
27/08/2013,"84,11"
28/08/2013,"83,74"
29/08/2013,"83,33"
30/08/2013,"83,57"
31/08/2013,"83,37"
01/09/2013,"83,2"
02/09/2013,"83,03"
03/09/2013,"82,86"
04/09/2013,"82,7"
05/09/2013,"82,36"
06/09/2013,"83,18"
07/09/2013,"83,26"
08/09/2013,"83,39"
09/09/2013,"83,46"
10/09/2013,"84,38"
11/09/2013,"84,22"
12/09/2013,"84,74"
13/09/2013,"84,32"
14/09/2013,"84,28"
15/09/2013,"84,22"
16/09/2013,"84,13"
17/09/2013,"84,29"
18/09/2013,"85,49"
19/09/2013,"84,64"
20/09/2013,"84,58"
21/09/2013,"84,46"
22/09/2013,"84,35"
23/09/2013,"84,19"
24/09/2013,"84,56"
25/09/2013,"84,64"
26/09/2013,"85,54"
27/09/2013,"86,64"
28/09/2013,"86,72"
29/09/2013,"86,88"
30/09/2013,"87,09"
01/10/2013,"86,49"
02/10/2013,"86,93"
03/10/2013,"87,56"
04/10/2013,"86,88"
05/10/2013,"85,9"
06/10/2013,"84,95"
07/10/2013,"83,94"
08/10/2013,"83,64"
09/10/2013,"83,42"
10/10/2013,"83,19"
11/10/2013,"83,27"
12/10/2013,"83,42"
13/10/2013,"83,56"
14/10/2013,"83,71"
15/10/2013,"83,78"
16/10/2013,"83,21"
17/10/2013,"83,89"
18/10/2013,"83,02"
19/10/2013,"83,04"
20/10/2013,"83,01"
21/10/2013,"83,02"
22/10/2013,"82,5"
23/10/2013,"80,79"
24/10/2013,"79,25"
25/10/2013,"78,85"
26/10/2013,"78,86"
27/10/2013,"78,82"
28/10/2013,"78,83"
29/10/2013,"78,31"
30/10/2013,"77,85"
31/10/2013,"77,17"
01/11/2013,"76,68"
02/11/2013,"76,49"
03/11/2013,"76,28"
04/11/2013,"76,04"
05/11/2013,"76,04"
06/11/2013,"77,14"
07/11/2013,"76,65"
08/11/2013,"76,89"
09/11/2013,"76,89"
10/11/2013,"76,9"
11/11/2013,"76,82"
12/11/2013,"77,99"
13/11/2013,"77,88"
14/11/2013,"76,67"
15/11/2013,"77,22"
16/11/2013,"77,38"
17/11/2013,"77,56"
18/11/2013,"77,76"
19/11/2013,"77,57"
20/11/2013,"78,08"
21/11/2013,"78,49"
22/11/2013,"77,34"
23/11/2013,"77,43"
24/11/2013,"77,34"
25/11/2013,"78,5"
26/11/2013,"79,17"
27/11/2013,"78,58"
28/11/2013,"78,58"
29/11/2013,"78,54"
30/11/2013,"78,57"
01/12/2013,"78,6"
02/12/2013,"78,63"
03/12/2013,"78,53"
04/12/2013,"78,87"
05/12/2013,"78,81"
06/12/2013,"80,33"
07/12/2013,"80,25"
08/12/2013,"80,29"
09/12/2013,"80,29"
10/12/2013,"80,61"
11/12/2013,"82,14"
12/12/2013,"82,98"
13/12/2013,"83,07"
14/12/2013,"83,12"
15/12/2013,"83,17"
16/12/2013,"83,26"
17/12/2013,"82,92"
18/12/2013,"83,09"
19/12/2013,"83,26"
20/12/2013,"83,15"
21/12/2013,"82,89"
22/12/2013,"82,65"
23/12/2013,"82,41"
24/12/2013,"82,11"
25/12/2013,"82,58"
26/12/2013,"82,94"
27/12/2013,"84,04"
28/12/2013,"84,23"
29/12/2013,"84,48"
30/12/2013,"84,76"
31/12/2013,"84,73"
01/01/2014,"84,73"
02/01/2014,"84,18"
03/01/2014,"83,35"
04/01/2014,"83,54"
05/01/2014,"83,65"
06/01/2014,"83,71"
07/01/2014,"84,56"
08/01/2014,"83,18"
09/01/2014,"82,94"
10/01/2014,"82,86"
11/01/2014,"83,2"
12/01/2014,"83,5"
13/01/2014,"83,84"
14/01/2014,"83,67"
15/01/2014,"84,41"
16/01/2014,"86,03"
17/01/2014,"86,97"
18/01/2014,"87,17"
19/01/2014,"87,43"
20/01/2014,"87,69"
21/01/2014,"87,97"
22/01/2014,88
23/01/2014,"87,07"
24/01/2014,"87,04"
25/01/2014,"86,06"
26/01/2014,"85,15"
27/01/2014,"84,15"
28/01/2014,"84,31"
29/01/2014,"85,45"
30/01/2014,"86,03"
31/01/2014,"85,89"
01/02/2014,"85,59"
02/02/2014,"85,31"
03/02/2014,"84,98"
04/02/2014,"85,24"
05/02/2014,"85,66"
06/02/2014,"85,96"
07/02/2014,"87,5"
08/02/2014,"87,37"
09/02/2014,"87,35"
10/02/2014,"87,24"
11/02/2014,"88,56"
12/02/2014,"88,16"
13/02/2014,"87,77"
14/02/2014,"87,5"
15/02/2014,"87,6"
16/02/2014,"87,67"
17/02/2014,"87,75"
18/02/2014,"87,91"
19/02/2014,"86,83"
20/02/2014,"86,25"
21/02/2014,"87,03"
22/02/2014,"87,66"
23/02/2014,"88,29"
24/02/2014,"89,13"
25/02/2014,"87,18"
26/02/2014,"86,29"
27/02/2014,"87,69"
28/02/2014,"87,18"
01/03/2014,"87,55"
02/03/2014,"87,87"
03/03/2014,"88,14"
04/03/2014,"89,1"
05/03/2014,"88,7"
06/03/2014,"91,53"
07/03/2014,"90,89"
08/03/2014,"91,16"
09/03/2014,"91,39"
10/03/2014,"91,64"
11/03/2014,"91,46"
12/03/2014,"92,17"
13/03/2014,"91,76"
14/03/2014,"92,25"
15/03/2014,"92,16"
16/03/2014,"92,11"
17/03/2014,"91,98"
18/03/2014,"92,97"
19/03/2014,"92,57"
20/03/2014,"92,18"
21/03/2014,"93,5"
22/03/2014,"92,67"
23/03/2014,"91,99"
24/03/2014,"91,04"
25/03/2014,"94,06"
26/03/2014,"91,79"
27/03/2014,"92,57"
28/03/2014,"93,76"
29/03/2014,"93,42"
30/03/2014,"93,2"
31/03/2014,"93,04"
01/04/2014,"91,96"
02/04/2014,"91,47"
03/04/2014,"90,83"
04/04/2014,"92,18"
05/04/2014,"91,61"
06/04/2014,"91,18"
07/04/2014,"90,64"
08/04/2014,"91,65"
09/04/2014,"90,38"
10/04/2014,"89,15"
11/04/2014,90
12/04/2014,"90,2"
13/04/2014,"90,43"
14/04/2014,"90,71"
15/04/2014,"90,4"
16/04/2014,"90,97"
17/04/2014,"90,08"
18/04/2014,"90,7"
19/04/2014,"91,21"
20/04/2014,"91,72"
21/04/2014,"92,19"
22/04/2014,"93,3"
23/04/2014,"92,75"
24/04/2014,"93,17"
25/04/2014,"93,38"
26/04/2014,"93,09"
27/04/2014,"92,85"
28/04/2014,"92,46"
29/04/2014,94
30/04/2014,"94,42"
01/05/2014,"94,39"
02/05/2014,"94,24"
03/05/2014,"94,36"
04/05/2014,"94,47"
05/05/2014,"94,64"
06/05/2014,"93,97"
07/05/2014,"92,56"
08/05/2014,"93,01"
09/05/2014,"92,52"
10/05/2014,"92,49"
11/05/2014,"92,52"
12/05/2014,"91,31"
13/05/2014,"91,03"
14/05/2014,"90,71"
15/05/2014,"90,29"
16/05/2014,"89,8"
17/05/2014,"89,6"
18/05/2014,"89,38"
19/05/2014,"89,14"
20/05/2014,"89,06"
21/05/2014,"89,25"
22/05/2014,"87,98"
23/05/2014,"86,68"
24/05/2014,"86,33"
25/05/2014,"85,91"
26/05/2014,"85,49"
27/05/2014,"85,03"
28/05/2014,"85,01"
29/05/2014,"86,39"
30/05/2014,"86,06"
31/05/2014,"86,27"
01/06/2014,"86,46"
02/06/2014,"86,59"
03/06/2014,"87,57"
04/06/2014,"85,97"
05/06/2014,"85,47"
06/06/2014,"84,85"
07/06/2014,"84,84"
08/06/2014,"84,79"
09/06/2014,"84,6"
10/06/2014,"86,46"
11/06/2014,"85,43"
12/06/2014,"85,63"
13/06/2014,"87,02"
14/06/2014,"87,29"
15/06/2014,"87,63"
16/06/2014,"87,81"
17/06/2014,"90,34"
18/06/2014,"91,14"
19/06/2014,"87,84"
20/06/2014,"87,98"
21/06/2014,"84,46"
22/06/2014,"81,19"
23/06/2014,"77,76"
24/06/2014,"76,54"
25/06/2014,"75,16"
26/06/2014,"74,78"
27/06/2014,"74,75"
28/06/2014,"74,32"
29/06/2014,"73,91"
30/06/2014,"73,49"
01/07/2014,"73,36"
02/07/2014,"72,42"
03/07/2014,"72,05"
04/07/2014,"72,03"
05/07/2014,"71,97"
06/07/2014,"72,05"
07/07/2014,"70,26"
08/07/2014,"70,38"
09/07/2014,"69,61"
10/07/2014,"68,56"
11/07/2014,"68,11"
12/07/2014,"68,24"
13/07/2014,"68,33"
14/07/2014,"68,47"
15/07/2014,"67,86"
16/07/2014,"67,63"
17/07/2014,"67,71"
18/07/2014,"67,76"
19/07/2014,"67,74"
20/07/2014,"67,73"
21/07/2014,"67,7"
22/07/2014,"67,9"
23/07/2014,"68,14"
24/07/2014,"66,21"
25/07/2014,"65,38"
26/07/2014,"65,56"
27/07/2014,"65,66"
28/07/2014,"65,82"
29/07/2014,"65,19"
30/07/2014,"64,04"
31/07/2014,"62,83"
01/08/2014,"63,18"
02/08/2014,"63,22"
03/08/2014,"63,18"
04/08/2014,"64,39"
05/08/2014,"63,83"
06/08/2014,"64,5"
07/08/2014,"64,07"
08/08/2014,"64,18"
09/08/2014,"64,21"
10/08/2014,"64,24"
11/08/2014,"64,34"
12/08/2014,"63,44"
13/08/2014,"64,81"
14/08/2014,"64,71"
15/08/2014,"64,38"
16/08/2014,"64,25"
17/08/2014,"64,11"
18/08/2014,"63,92"
19/08/2014,"64,19"
20/08/2014,"65,79"
21/08/2014,"65,88"
22/08/2014,"66,08"
23/08/2014,"66,14"
24/08/2014,"66,21"
25/08/2014,"66,24"
26/08/2014,"66,76"
27/08/2014,"67,31"
28/08/2014,"66,63"
29/08/2014,"66,6"
30/08/2014,"66,34"
31/08/2014,"66,09"
01/09/2014,"65,84"
02/09/2014,"65,54"
03/09/2014,"65,93"
04/09/2014,"65,48"
05/09/2014,"64,36"
06/09/2014,"64,66"
07/09/2014,"64,86"
08/09/2014,"65,01"
09/09/2014,"65,69"
10/09/2014,"66,97"
11/09/2014,"68,05"
12/09/2014,"67,93"
13/09/2014,"67,25"
14/09/2014,"66,62"
15/09/2014,"65,96"
16/09/2014,"65,62"
17/09/2014,"65,73"
18/09/2014,"65,23"
19/09/2014,"64,4"
20/09/2014,"63,85"
21/09/2014,"63,29"
22/09/2014,"62,68"
23/09/2014,"62,76"
24/09/2014,"61,56"
25/09/2014,"61,38"
26/09/2014,"61,89"
27/09/2014,"61,76"
28/09/2014,"61,68"
29/09/2014,"61,6"
30/09/2014,"61,35"
01/10/2014,"62,21"
02/10/2014,"61,67"
03/10/2014,"62,69"
04/10/2014,"63,25"
05/10/2014,"63,83"
06/10/2014,"64,4"
07/10/2014,"65,21"
08/10/2014,"64,88"
09/10/2014,"63,89"
10/10/2014,"64,38"
11/10/2014,"64,67"
12/10/2014,"64,96"
13/10/2014,"65,37"
14/10/2014,"64,28"
15/10/2014,"63,76"
16/10/2014,"63,49"
17/10/2014,"63,01"
18/10/2014,"62,8"
19/10/2014,"62,57"
20/10/2014,"62,28"
21/10/2014,"62,82"
22/10/2014,"62,59"
23/10/2014,"63,09"
24/10/2014,"63,85"
25/10/2014,"63,79"
26/10/2014,"63,78"
27/10/2014,"63,72"
28/10/2014,"64,45"
29/10/2014,"65,22"
30/10/2014,"64,44"
31/10/2014,"64,35"
01/11/2014,"64,31"
02/11/2014,"64,27"
03/11/2014,"64,32"
04/11/2014,"62,99"
05/11/2014,"62,86"
06/11/2014,"63,22"
07/11/2014,"64,03"
08/11/2014,"63,42"
09/11/2014,"62,91"
10/11/2014,"62,29"
11/11/2014,"63,28"
12/11/2014,"62,08"
13/11/2014,"59,9"
14/11/2014,"59,76"
15/11/2014,"59,64"
16/11/2014,"59,5"
17/11/2014,"59,31"
18/11/2014,"59,9"
19/11/2014,"59,09"
20/11/2014,"59,11"
21/11/2014,"59,35"
22/11/2014,"59,22"
23/11/2014,"59,12"
24/11/2014,"58,97"
25/11/2014,"59,38"
26/11/2014,"59,75"
27/11/2014,"59,75"
28/11/2014,"60,08"
29/11/2014,"60,03"
30/11/2014,"60,08"
01/12/2014,"59,13"
02/12/2014,"59,47"
03/12/2014,"59,62"
04/12/2014,"60,47"
05/12/2014,"59,66"
06/12/2014,"59,68"
07/12/2014,"59,66"
08/12/2014,"59,37"
09/12/2014,"59,94"
10/12/2014,"59,64"
11/12/2014,"60,67"
12/12/2014,"60,68"
13/12/2014,"60,68"
14/12/2014,"60,68"
15/12/2014,"60,81"
16/12/2014,"59,83"
17/12/2014,"60,81"
18/12/2014,"60,79"
19/12/2014,"60,94"
20/12/2014,"60,98"
21/12/2014,"60,94"
22/12/2014,"62,13"
23/12/2014,"61,69"
24/12/2014,"61,74"
25/12/2014,"61,71"
26/12/2014,"61,69"
27/12/2014,"61,7"
28/12/2014,"61,69"
29/12/2014,"62,04"
30/12/2014,"61,95"
31/12/2014,"60,28"
01/01/2015,"60,02"
02/01/2015,"59,6"
03/01/2015,"59,95"
04/01/2015,"60,23"
05/01/2015,"60,58"
06/01/2015,"60,13"
07/01/2015,"60,35"
08/01/2015,"60,47"
09/01/2015,"60,63"
10/01/2015,"60,35"
11/01/2015,"60,1"
12/01/2015,"59,81"
13/01/2015,"60,15"
14/01/2015,"59,02"
15/01/2015,"59,53"
16/01/2015,"59,26"
17/01/2015,"58,89"
18/01/2015,"58,54"
19/01/2015,"58,18"
20/01/2015,"57,78"
21/01/2015,"57,97"
22/01/2015,"57,8"
23/01/2015,"57,42"
24/01/2015,"57,86"
25/01/2015,"58,25"
26/01/2015,"58,66"
27/01/2015,"58,63"
28/01/2015,"59,23"
29/01/2015,"59,58"
30/01/2015,"59,36"
31/01/2015,"59,6"
01/02/2015,"59,8"
02/02/2015,"59,91"
03/02/2015,"61,4"
04/02/2015,"61,13"
05/02/2015,"61,76"
06/02/2015,"61,61"
07/02/2015,"61,88"
08/02/2015,"62,11"
09/02/2015,"62,37"
10/02/2015,"62,41"
11/02/2015,"62,22"
12/02/2015,"62,55"
13/02/2015,"62,77"
14/02/2015,"63,01"
15/02/2015,"63,24"
16/02/2015,"63,48"
17/02/2015,"63,65"
18/02/2015,"64,72"
19/02/2015,"64,56"
20/02/2015,"64,68"
21/02/2015,"64,55"
22/02/2015,"64,44"
23/02/2015,"64,29"
24/02/2015,"64,68"
25/02/2015,"65,34"
26/02/2015,"65,24"
27/02/2015,"64,86"
28/02/2015,"64,8"
01/03/2015,"64,72"
02/03/2015,"64,72"
03/03/2015,"63,56"
04/03/2015,"63,38"
05/03/2015,"63,15"
06/03/2015,"62,79"
07/03/2015,"62,55"
08/03/2015,"62,3"
09/03/2015,"62,13"
10/03/2015,"60,88"
11/03/2015,"60,42"
12/03/2015,"60,94"
13/03/2015,"60,49"
14/03/2015,"60,51"
15/03/2015,"60,5"
16/03/2015,"60,49"
17/03/2015,"60,22"
18/03/2015,"62,45"
19/03/2015,"62,54"
20/03/2015,"62,53"
21/03/2015,"62,97"
22/03/2015,"63,38"
23/03/2015,"63,83"
24/03/2015,"63,88"
25/03/2015,"63,06"
26/03/2015,"62,99"
27/03/2015,"63,42"
28/03/2015,"63,09"
29/03/2015,"62,81"
30/03/2015,"62,46"
31/03/2015,"63,13"
01/04/2015,"62,64"
02/04/2015,"63,74"
03/04/2015,"64,09"
04/04/2015,"64,48"
05/04/2015,"64,88"
06/04/2015,"65,23"
07/04/2015,"66,16"
08/04/2015,"66,82"
09/04/2015,"66,4"
10/04/2015,"65,03"
11/04/2015,"65,13"
12/04/2015,"65,13"
13/04/2015,"65,16"
14/04/2015,"64,65"
15/04/2015,"64,78"
16/04/2015,"64,22"
17/04/2015,"63,37"
18/04/2015,"63,39"
19/04/2015,"63,35"
20/04/2015,"63,33"
21/04/2015,"63,03"
22/04/2015,"63,09"
23/04/2015,"65,42"
24/04/2015,"66,31"
25/04/2015,"66,2"
26/04/2015,"66,18"
27/04/2015,"66,14"
28/04/2015,"66,15"
29/04/2015,"67,24"
30/04/2015,"67,66"
01/05/2015,"66,39"
02/05/2015,"66,56"
03/05/2015,"66,64"
04/05/2015,"66,75"
05/05/2015,"66,38"
06/05/2015,66
07/05/2015,"65,6"
08/05/2015,"66,13"
09/05/2015,"65,87"
10/05/2015,"65,67"
11/05/2015,"65,47"
12/05/2015,"65,19"
13/05/2015,"65,74"
14/05/2015,"66,49"
15/05/2015,"66,58"
16/05/2015,"65,98"
17/05/2015,"65,44"
18/05/2015,"64,89"
19/05/2015,"64,4"
20/05/2015,"64,23"
21/05/2015,"63,78"
22/05/2015,"63,33"
23/05/2015,"63,37"
24/05/2015,"63,37"
25/05/2015,"63,37"
26/05/2015,"63,38"
27/05/2015,"63,19"
28/05/2015,"64,5"
29/05/2015,"64,44"
30/05/2015,"64,2"
31/05/2015,"63,98"
01/06/2015,"63,74"
02/06/2015,"63,74"
03/06/2015,"65,25"
04/06/2015,"65,18"
05/06/2015,"64,67"
06/06/2015,"64,77"
07/06/2015,"64,83"
08/06/2015,"64,9"
09/06/2015,"64,79"
10/06/2015,"64,99"
11/06/2015,"63,9"
12/06/2015,"64,39"
13/06/2015,"64,09"
14/06/2015,"63,84"
15/06/2015,"63,49"
16/06/2015,"64,64"
17/06/2015,"64,28"
18/06/2015,"64,28"
19/06/2015,"63,74"
20/06/2015,"63,87"
21/06/2015,"63,94"
22/06/2015,"64,06"
23/06/2015,"63,56"
24/06/2015,"64,57"
25/06/2015,"65,64"
26/06/2015,"67,39"
27/06/2015,"67,24"
28/06/2015,"67,24"
29/06/2015,"67,18"
30/06/2015,"67,89"
01/07/2015,"67,53"
02/07/2015,"67,11"
03/07/2015,"67,11"
04/07/2015,"66,95"
05/07/2015,"66,8"
06/07/2015,"66,7"
07/07/2015,"65,84"
08/07/2015,"65,24"
09/07/2015,"65,86"
10/07/2015,"65,55"
11/07/2015,"65,6"
12/07/2015,"65,63"
13/07/2015,"65,63"
14/07/2015,"66,02"
15/07/2015,"65,04"
16/07/2015,"65,09"
17/07/2015,"65,24"
18/07/2015,"65,13"
19/07/2015,"65,05"
20/07/2015,65
21/07/2015,"64,39"
22/07/2015,"64,53"
23/07/2015,"64,68"
24/07/2015,"64,77"
25/07/2015,"64,44"
26/07/2015,"64,14"
27/07/2015,"63,78"
28/07/2015,"64,4"
29/07/2015,"63,87"
30/07/2015,"63,53"
31/07/2015,"64,07"
01/08/2015,"63,95"
02/08/2015,"63,88"
03/08/2015,"63,82"
04/08/2015,"63,53"
05/08/2015,"63,45"
06/08/2015,"62,33"
07/08/2015,"61,72"
08/08/2015,"61,79"
09/08/2015,"61,8"
10/08/2015,"61,8"
11/08/2015,"61,83"
12/08/2015,"64,69"
13/08/2015,"65,44"
14/08/2015,"66,12"
15/08/2015,"66,29"
16/08/2015,"66,5"
17/08/2015,"66,73"
18/08/2015,"66,7"
19/08/2015,"66,65"
20/08/2015,"66,97"
21/08/2015,"66,94"
22/08/2015,"65,95"
23/08/2015,"65,03"
24/08/2015,"64,09"
25/08/2015,"63,44"
26/08/2015,"62,45"
27/08/2015,"63,27"
28/08/2015,"63,14"
29/08/2015,"63,02"
30/08/2015,"62,91"
31/08/2015,"62,8"
01/09/2015,"62,63"
02/09/2015,"62,42"
03/09/2015,"62,74"
04/09/2015,"62,6"
05/09/2015,"62,78"
06/09/2015,"62,94"
07/09/2015,"63,1"
08/09/2015,"63,28"
09/09/2015,"63,12"
10/09/2015,"63,06"
11/09/2015,"63,34"
12/09/2015,"63,1"
13/09/2015,"62,91"
14/09/2015,"62,71"
15/09/2015,"62,47"
16/09/2015,"62,62"
17/09/2015,"62,37"
18/09/2015,"60,47"
19/09/2015,"60,58"
20/09/2015,"60,54"
21/09/2015,"60,55"
22/09/2015,"59,9"
23/09/2015,"59,88"
24/09/2015,"60,03"
25/09/2015,"60,49"
26/09/2015,"60,53"
27/09/2015,"60,6"
28/09/2015,"60,67"
29/09/2015,"60,84"
30/09/2015,"60,53"
01/10/2015,"60,49"
02/10/2015,"60,41"
03/10/2015,"60,86"
04/10/2015,"61,28"
05/10/2015,"61,7"
06/10/2015,"61,98"
07/10/2015,"62,38"
08/10/2015,"61,65"
09/10/2015,"61,93"
10/10/2015,"61,91"
11/10/2015,"61,91"
12/10/2015,"61,75"
13/10/2015,"63,85"
14/10/2015,"63,78"
15/10/2015,"63,55"
16/10/2015,"63,87"
17/10/2015,"63,65"
18/10/2015,"63,48"
19/10/2015,"63,24"
20/10/2015,"63,81"
21/10/2015,"64,24"
22/10/2015,"62,96"
23/10/2015,"62,69"
24/10/2015,"62,64"
25/10/2015,"62,57"
26/10/2015,"62,49"
27/10/2015,"62,55"
28/10/2015,"62,77"
29/10/2015,"62,42"
30/10/2015,"63,31"
31/10/2015,"63,27"
01/11/2015,"63,3"
02/11/2015,"63,38"
03/11/2015,"62,79"
04/11/2015,"62,03"
05/11/2015,"62,2"
06/11/2015,"61,88"
07/11/2015,"61,92"
08/11/2015,"61,94"
09/11/2015,"61,97"
10/11/2015,"61,9"
11/11/2015,"62,12"
12/11/2015,"61,83"
13/11/2015,"61,42"
14/11/2015,"61,48"
15/11/2015,"61,51"
16/11/2015,"61,54"
17/11/2015,"61,56"
18/11/2015,"61,57"
19/11/2015,"61,83"
20/11/2015,"60,47"
21/11/2015,"60,99"
22/11/2015,"61,37"
23/11/2015,"61,76"
24/11/2015,62
25/11/2015,"63,34"
26/11/2015,"63,6"
27/11/2015,"63,99"
28/11/2015,"63,55"
29/11/2015,"63,18"
30/11/2015,"62,71"
01/12/2015,"63,56"
02/12/2015,"63,51"
03/12/2015,"63,93"
04/12/2015,"64,7"
05/12/2015,"64,63"
06/12/2015,"64,63"
07/12/2015,"64,63"
08/12/2015,"64,57"
09/12/2015,"64,85"
10/12/2015,"63,76"
11/12/2015,"63,86"
12/12/2015,"63,68"
13/12/2015,"63,52"
14/12/2015,"63,35"
15/12/2015,"63,28"
16/12/2015,"63,38"
17/12/2015,"63,06"
18/12/2015,"63,79"
19/12/2015,"63,55"
20/12/2015,"63,38"
21/12/2015,"63,2"
22/12/2015,"63,15"
23/12/2015,"62,82"
24/12/2015,"63,62"
25/12/2015,"63,59"
26/12/2015,"63,62"
27/12/2015,"63,62"
28/12/2015,"64,03"
29/12/2015,"63,91"
30/12/2015,"63,94"
31/12/2015,"63,31"
01/01/2016,"63,16"
02/01/2016,"62,98"
03/01/2016,"62,79"
04/01/2016,"62,59"
05/01/2016,"62,69"
06/01/2016,"62,13"
07/01/2016,"61,36"
08/01/2016,"61,49"
09/01/2016,"61,47"
10/01/2016,"61,46"
11/01/2016,"61,43"
12/01/2016,"61,6"
13/01/2016,"62,03"
14/01/2016,"61,96"
15/01/2016,"61,37"
16/01/2016,"61,41"
17/01/2016,"61,37"
18/01/2016,"61,89"
19/01/2016,"62,44"
20/01/2016,"61,85"
21/01/2016,"62,15"
22/01/2016,"62,34"
23/01/2016,"62,03"
24/01/2016,"61,75"
25/01/2016,"61,47"
26/01/2016,"61,27"
27/01/2016,"60,88"
28/01/2016,"61,35"
29/01/2016,"60,99"
30/01/2016,"61,24"
31/01/2016,"61,44"
01/02/2016,"61,63"
02/02/2016,"62,14"
03/02/2016,"61,94"
04/02/2016,"60,23"
05/02/2016,"59,97"
06/02/2016,"59,84"
07/02/2016,"59,69"
08/02/2016,"59,6"
09/02/2016,"58,64"
10/02/2016,"58,88"
11/02/2016,"58,42"
12/02/2016,"58,9"
13/02/2016,"59,12"
14/02/2016,"59,36"
15/02/2016,"59,6"
16/02/2016,"59,85"
17/02/2016,"59,87"
18/02/2016,"59,91"
19/02/2016,"60,01"
20/02/2016,"59,24"
21/02/2016,"58,53"
22/02/2016,"57,74"
23/02/2016,"58,17"
24/02/2016,"57,7"
25/02/2016,"58,16"
26/02/2016,"57,92"
27/02/2016,"57,97"
28/02/2016,58
29/02/2016,"58,01"
01/03/2016,"58,25"
02/03/2016,"58,04"
03/03/2016,"58,42"
04/03/2016,"58,93"
05/03/2016,"58,88"
06/03/2016,"58,87"
07/03/2016,"58,92"
08/03/2016,"58,21"
09/03/2016,"56,59"
10/03/2016,"56,83"
11/03/2016,"57,15"
12/03/2016,"57,52"
13/03/2016,"57,89"
14/03/2016,"58,29"
15/03/2016,"58,24"
16/03/2016,"58,32"
17/03/2016,"58,36"
18/03/2016,"57,16"
19/03/2016,"57,57"
20/03/2016,"57,87"
21/03/2016,"58,17"
22/03/2016,"58,37"
23/03/2016,"58,39"
24/03/2016,"57,72"
25/03/2016,"57,77"
26/03/2016,"57,77"
27/03/2016,"57,77"
28/03/2016,"57,8"
29/03/2016,"57,38"
30/03/2016,"57,67"
31/03/2016,"58,44"
01/04/2016,"59,2"
02/04/2016,"59,07"
03/04/2016,"59,02"
04/04/2016,"58,96"
05/04/2016,"58,9"
06/04/2016,"58,75"
07/04/2016,"59,03"
08/04/2016,"60,07"
09/04/2016,"60,26"
10/04/2016,"60,5"
11/04/2016,"60,71"
12/04/2016,"61,51"
13/04/2016,"61,63"
14/04/2016,"60,64"
15/04/2016,"60,03"
16/04/2016,"60,81"
17/04/2016,"61,47"
18/04/2016,"62,15"
19/04/2016,"62,69"
20/04/2016,"63,8"
21/04/2016,"63,49"
22/04/2016,"63,08"
23/04/2016,"63,65"
24/04/2016,"64,14"
25/04/2016,"64,77"
26/04/2016,"63,46"
27/04/2016,"64,07"
28/04/2016,"63,69"
29/04/2016,"63,76"
30/04/2016,"63,93"
01/05/2016,"64,08"
02/05/2016,"64,36"
03/05/2016,"63,05"
04/05/2016,"62,17"
05/05/2016,"61,63"
06/05/2016,"61,63"
07/05/2016,"61,52"
08/05/2016,"61,41"
09/05/2016,"61,33"
10/05/2016,"60,9"
11/05/2016,"60,6"
12/05/2016,"60,73"
13/05/2016,"60,62"
14/05/2016,"60,78"
15/05/2016,"60,93"
16/05/2016,"60,99"
17/05/2016,"62,2"
18/05/2016,"62,05"
19/05/2016,"61,07"
20/05/2016,"61,67"
21/05/2016,"61,61"
22/05/2016,"61,59"
23/05/2016,"61,45"
24/05/2016,"63,01"
25/05/2016,"62,9"
26/05/2016,"64,33"
27/05/2016,"64,28"
28/05/2016,"64,17"
29/05/2016,"64,08"
30/05/2016,"63,98"
31/05/2016,"63,94"
01/06/2016,"63,17"
02/06/2016,"62,87"
03/06/2016,"63,92"
04/06/2016,"64,43"
05/06/2016,"64,98"
06/06/2016,"65,55"
07/06/2016,"65,85"
08/06/2016,"65,78"
09/06/2016,"64,96"
10/06/2016,"64,75"
11/06/2016,"64,42"
12/06/2016,"64,09"
13/06/2016,"63,79"
14/06/2016,"63,04"
15/06/2016,"62,6"
16/06/2016,"63,3"
17/06/2016,"64,57"
18/06/2016,"64,4"
19/06/2016,"64,34"
20/06/2016,"64,39"
21/06/2016,"62,85"
22/06/2016,"62,94"
23/06/2016,"64,88"
24/06/2016,"64,5"
25/06/2016,"64,19"
26/06/2016,"63,89"
27/06/2016,"63,48"
28/06/2016,"64,66"
29/06/2016,"64,5"
30/06/2016,"62,82"
01/07/2016,"63,62"
02/07/2016,"63,62"
03/07/2016,"63,66"
04/07/2016,"63,7"
05/07/2016,"63,75"
06/07/2016,"63,78"
07/07/2016,"63,67"
08/07/2016,"65,92"
09/07/2016,"66,65"
10/07/2016,"67,48"
11/07/2016,"68,14"
12/07/2016,"71,14"
13/07/2016,"73,38"
14/07/2016,"73,82"
15/07/2016,"73,86"
16/07/2016,"73,76"
17/07/2016,"73,67"
18/07/2016,"73,63"
19/07/2016,"72,96"
20/07/2016,"71,95"
21/07/2016,"72,66"
22/07/2016,"72,52"
23/07/2016,"72,43"
24/07/2016,"72,34"
25/07/2016,"72,12"
26/07/2016,"73,63"
27/07/2016,"73,83"
28/07/2016,"73,02"
29/07/2016,"74,16"
30/07/2016,"74,1"
31/07/2016,"74,11"
01/08/2016,"74,17"
02/08/2016,"73,67"
03/08/2016,"73,84"
04/08/2016,"75,86"
05/08/2016,"76,64"
06/08/2016,"76,31"
07/08/2016,"76,08"
08/08/2016,"76,06"
09/08/2016,"73,06"
10/08/2016,"71,16"
11/08/2016,"71,27"
12/08/2016,"69,88"
13/08/2016,"69,34"
14/08/2016,"68,74"
15/08/2016,"68,09"
16/08/2016,"68,01"
17/08/2016,"68,36"
18/08/2016,"68,5"
19/08/2016,"67,57"
20/08/2016,"67,74"
21/08/2016,"67,83"
22/08/2016,"67,92"
23/08/2016,"68,12"
24/08/2016,"67,41"
25/08/2016,"67,75"
26/08/2016,"67,71"
27/08/2016,"67,34"
28/08/2016,67
29/08/2016,"66,69"
30/08/2016,"65,97"
31/08/2016,"65,32"
01/09/2016,"68,01"
02/09/2016,"67,51"
03/09/2016,"67,94"
04/09/2016,"68,31"
05/09/2016,"68,69"
06/09/2016,"69,06"
07/09/2016,"69,53"
08/09/2016,"69,25"
09/09/2016,"68,88"
10/09/2016,"68,25"
11/09/2016,"67,65"
12/09/2016,"66,97"
13/09/2016,"67,2"
14/09/2016,"68,08"
15/09/2016,"68,38"
16/09/2016,"67,74"
17/09/2016,"68,24"
18/09/2016,"68,67"
19/09/2016,"68,98"
20/09/2016,"70,82"
21/09/2016,"71,81"
22/09/2016,"71,17"
23/09/2016,"69,08"
24/09/2016,"69,22"
25/09/2016,"69,19"
26/09/2016,"69,16"
27/09/2016,"69,39"
28/09/2016,"68,13"
29/09/2016,"67,95"
30/09/2016,"68,29"
01/10/2016,"68,45"
02/10/2016,"68,62"
03/10/2016,"68,73"
04/10/2016,"69,88"
05/10/2016,"68,03"
06/10/2016,"67,71"
07/10/2016,"67,19"
08/10/2016,"67,27"
09/10/2016,"67,31"
10/10/2016,"67,36"
11/10/2016,"67,14"
12/10/2016,"68,97"
13/10/2016,"69,31"
14/10/2016,"70,57"
15/10/2016,"70,72"
16/10/2016,"70,94"
17/10/2016,"71,19"
18/10/2016,"71,15"
19/10/2016,"71,1"
20/10/2016,"69,8"
21/10/2016,"69,07"
22/10/2016,69
23/10/2016,"68,88"
24/10/2016,"68,77"
25/10/2016,"68,49"
26/10/2016,"69,26"
27/10/2016,"69,76"
28/10/2016,"70,82"
29/10/2016,"70,08"
30/10/2016,"69,47"
31/10/2016,"68,86"
01/11/2016,"68,2"
02/11/2016,"68,6"
03/11/2016,"68,07"
04/11/2016,"68,53"
05/11/2016,"68,49"
06/11/2016,"68,48"
07/11/2016,"68,45"
08/11/2016,"68,75"
09/11/2016,"68,29"
10/11/2016,"69,2"
11/11/2016,"68,44"
12/11/2016,"68,68"
13/11/2016,"68,86"
14/11/2016,"68,9"
15/11/2016,"70,69"
16/11/2016,"72,13"
17/11/2016,"73,38"
18/11/2016,"73,4"
19/11/2016,"73,46"
20/11/2016,"73,53"
21/11/2016,"73,6"
22/11/2016,"73,72"
23/11/2016,"73,08"
24/11/2016,"72,9"
25/11/2016,"72,65"
26/11/2016,"72,85"
27/11/2016,"73,02"
28/11/2016,"73,27"
29/11/2016,"72,38"
30/11/2016,"72,46"
01/12/2016,"71,8"
02/12/2016,"71,98"
03/12/2016,"72,09"
04/12/2016,"72,2"
05/12/2016,"72,31"
06/12/2016,"72,39"
07/12/2016,"72,11"
08/12/2016,"71,42"
09/12/2016,"70,8"
10/12/2016,"71,15"
11/12/2016,"71,42"
12/12/2016,"71,69"
13/12/2016,"72,04"
14/12/2016,"71,47"
15/12/2016,"71,67"
16/12/2016,"71,04"
17/12/2016,"70,56"
18/12/2016,"70,08"
19/12/2016,"69,57"
20/12/2016,"69,34"
21/12/2016,"70,13"
22/12/2016,"70,2"
23/12/2016,"69,87"
24/12/2016,"69,86"
25/12/2016,"69,82"
26/12/2016,"69,78"
27/12/2016,"69,74"
28/12/2016,"69,75"
29/12/2016,"70,5"
30/12/2016,"70,65"
31/12/2016,"70,98"
01/01/2017,"71,29"
02/01/2017,"71,61"
03/01/2017,"71,78"
04/01/2017,"74,08"
05/01/2017,"73,78"
06/01/2017,"73,99"
07/01/2017,"73,64"
08/01/2017,"73,34"
09/01/2017,"72,99"
10/01/2017,"73,19"
11/01/2017,"73,14"
12/01/2017,"72,34"
13/01/2017,"72,27"
14/01/2017,"72,24"
15/01/2017,"72,2"
16/01/2017,"72,16"
17/01/2017,"72,11"
18/01/2017,"72,26"
19/01/2017,"72,69"
20/01/2017,"73,04"
21/01/2017,"73,54"
22/01/2017,"74,02"
23/01/2017,"74,63"
24/01/2017,"73,57"
25/01/2017,"73,88"
26/01/2017,"74,19"
27/01/2017,"74,85"
28/01/2017,"74,6"
29/01/2017,"74,41"
30/01/2017,"74,14"
31/01/2017,"74,94"
01/02/2017,"76,44"
02/02/2017,"76,91"
03/02/2017,"76,41"
04/02/2017,"76,15"
05/02/2017,"75,88"
06/02/2017,"75,63"
07/02/2017,"75,09"
08/02/2017,"75,25"
09/02/2017,"75,58"
10/02/2017,"75,82"
11/02/2017,"76,07"
12/02/2017,"76,32"
13/02/2017,"76,61"
14/02/2017,"76,32"
15/02/2017,"75,71"
16/02/2017,"75,01"
17/02/2017,"73,48"
18/02/2017,"73,59"
19/02/2017,"73,59"
20/02/2017,"73,58"
21/02/2017,"73,52"
22/02/2017,"74,14"
23/02/2017,"75,02"
24/02/2017,"75,42"
25/02/2017,"75,25"
26/02/2017,"75,14"
27/02/2017,"74,97"
28/02/2017,"75,33"
01/03/2017,"76,85"
02/03/2017,"75,69"
03/03/2017,"77,28"
04/03/2017,"77,55"
05/03/2017,"77,91"
06/03/2017,"78,39"
07/03/2017,"77,28"
08/03/2017,"76,9"
09/03/2017,"76,63"
10/03/2017,"77,29"
11/03/2017,"77,12"
12/03/2017,"77,01"
13/03/2017,"76,87"
14/03/2017,"77,15"
15/03/2017,"78,08"
16/03/2017,"78,17"
17/03/2017,"78,36"
18/03/2017,"77,99"
19/03/2017,"77,65"
20/03/2017,"77,33"
21/03/2017,"76,84"
22/03/2017,"77,34"
23/03/2017,"77,27"
24/03/2017,"77,47"
25/03/2017,"77,28"
26/03/2017,"77,11"
27/03/2017,"76,94"
28/03/2017,"76,88"
29/03/2017,"76,14"
30/03/2017,"76,23"
31/03/2017,"77,33"
01/04/2017,"76,62"
02/04/2017,"76,05"
03/04/2017,"75,47"
04/04/2017,"74,85"
05/04/2017,"74,87"
06/04/2017,"74,51"
07/04/2017,"73,46"
08/04/2017,"74,09"
09/04/2017,"74,59"
10/04/2017,"75,15"
11/04/2017,"75,01"
12/04/2017,"74,73"
13/04/2017,"75,62"
14/04/2017,"75,93"
15/04/2017,"76,29"
16/04/2017,"76,64"
17/04/2017,"77,03"
18/04/2017,"76,82"
19/04/2017,"77,67"
20/04/2017,"80,07"
21/04/2017,"78,99"
22/04/2017,"79,43"
23/04/2017,"79,77"
24/04/2017,"80,09"
25/04/2017,"80,71"
26/04/2017,"80,69"
27/04/2017,"79,32"
28/04/2017,"80,23"
29/04/2017,"80,27"
30/04/2017,"80,37"
01/05/2017,"80,45"
02/05/2017,"80,83"
03/05/2017,"80,69"
04/05/2017,"80,83"
05/05/2017,"79,76"
06/05/2017,"78,81"
07/05/2017,"77,86"
08/05/2017,"76,78"
09/05/2017,"77,43"
10/05/2017,"76,49"
11/05/2017,"79,18"
12/05/2017,"82,18"
13/05/2017,"82,99"
14/05/2017,"83,96"
15/05/2017,"85,32"
16/05/2017,"81,32"
17/05/2017,"80,17"
18/05/2017,"79,24"
19/05/2017,"79,45"
20/05/2017,"79,05"
21/05/2017,"78,69"
22/05/2017,"78,39"
23/05/2017,"77,22"
24/05/2017,"77,54"
25/05/2017,"77,16"
26/05/2017,"77,09"
27/05/2017,"77,14"
28/05/2017,"77,17"
29/05/2017,"77,2"
30/05/2017,"77,26"
31/05/2017,"76,98"
01/06/2017,"77,63"
02/06/2017,"76,69"
03/06/2017,"76,6"
04/06/2017,"76,45"
05/06/2017,"76,31"
06/06/2017,"76,02"
07/06/2017,"75,79"
08/06/2017,"76,55"
09/06/2017,"75,69"
10/06/2017,"75,52"
11/06/2017,"75,31"
12/06/2017,"75,13"
13/06/2017,"74,48"
14/06/2017,"73,5"
15/06/2017,"71,22"
16/06/2017,"70,86"
17/06/2017,"70,68"
18/06/2017,"70,48"
19/06/2017,"70,36"
20/06/2017,"69,04"
21/06/2017,"68,27"
22/06/2017,"68,03"
23/06/2017,"68,97"
24/06/2017,"68,95"
25/06/2017,"68,99"
26/06/2017,"68,98"
27/06/2017,"69,75"
28/06/2017,"69,47"
29/06/2017,"69,05"
30/06/2017,"70,36"
01/07/2017,"69,78"
02/07/2017,"69,33"
03/07/2017,"68,84"
04/07/2017,"68,96"
05/07/2017,"69,01"
06/07/2017,"69,47"
07/07/2017,"69,75"
08/07/2017,"68,9"
09/07/2017,"68,14"
10/07/2017,"67,29"
11/07/2017,"67,67"
12/07/2017,"67,27"
13/07/2017,"66,37"
14/07/2017,"67,18"
15/07/2017,"67,63"
16/07/2017,"68,09"
17/07/2017,"68,57"
18/07/2017,"68,86"
19/07/2017,"68,76"
20/07/2017,"69,55"
21/07/2017,"69,14"
22/07/2017,"69,12"
23/07/2017,"69,08"
24/07/2017,69
25/07/2017,"69,55"
26/07/2017,"69,02"
27/07/2017,"70,5"
28/07/2017,"70,22"
29/07/2017,"70,34"
30/07/2017,"70,44"
31/07/2017,"70,5"
01/08/2017,"71,17"
02/08/2017,"71,75"
03/08/2017,"71,55"
04/08/2017,"70,99"
05/08/2017,"71,11"
06/08/2017,"71,19"
07/08/2017,"71,22"
08/08/2017,"71,91"
09/08/2017,"71,82"
10/08/2017,"69,26"
11/08/2017,"69,24"
12/08/2017,"68,98"
13/08/2017,"68,72"
14/08/2017,"68,5"
15/08/2017,"67,68"
16/08/2017,"67,55"
17/08/2017,"67,45"
18/08/2017,"67,79"
19/08/2017,"68,09"
20/08/2017,"68,4"
21/08/2017,"68,71"
22/08/2017,"68,88"
23/08/2017,"69,6"
24/08/2017,"70,17"
25/08/2017,"68,61"
26/08/2017,"69,28"
27/08/2017,"69,8"
28/08/2017,"70,33"
29/08/2017,"70,56"
30/08/2017,"71,47"
31/08/2017,"71,48"
01/09/2017,"72,55"
02/09/2017,"73,19"
03/09/2017,"73,86"
04/09/2017,"74,53"
05/09/2017,"75,26"
06/09/2017,"75,26"
07/09/2017,"75,03"
08/09/2017,"75,59"
09/09/2017,"74,84"
10/09/2017,"74,19"
11/09/2017,"73,71"
12/09/2017,"70,71"
13/09/2017,"69,98"
14/09/2017,"69,78"
15/09/2017,"70,13"
16/09/2017,"70,2"
17/09/2017,"70,28"
18/09/2017,"70,41"
19/09/2017,"69,98"
20/09/2017,"70,04"
21/09/2017,"69,04"
22/09/2017,"69,09"
23/09/2017,"69,41"
24/09/2017,"69,71"
25/09/2017,"70,09"
26/09/2017,"69,38"
27/09/2017,"69,28"
28/09/2017,"69,6"
29/09/2017,"69,08"
30/09/2017,"68,81"
01/10/2017,"68,52"
02/10/2017,"68,2"
03/10/2017,"68,15"
04/10/2017,"69,43"
05/10/2017,"68,9"
06/10/2017,"69,47"
07/10/2017,"69,46"
08/10/2017,"69,5"
09/10/2017,"69,58"
10/10/2017,"68,95"
11/10/2017,"68,73"
12/10/2017,"67,84"
13/10/2017,"68,62"
14/10/2017,"68,22"
15/10/2017,"67,9"
16/10/2017,"67,53"
17/10/2017,"67,77"
18/10/2017,"67,63"
19/10/2017,"67,31"
20/10/2017,"66,88"
21/10/2017,"67,87"
22/10/2017,"68,75"
23/10/2017,"69,72"
24/10/2017,"69,54"
25/10/2017,"69,31"
26/10/2017,"68,19"
27/10/2017,"68,2"
28/10/2017,"68,35"
29/10/2017,"68,48"
30/10/2017,"68,64"
31/10/2017,"68,38"
01/11/2017,"68,17"
02/11/2017,"69,08"
03/11/2017,"68,72"
04/11/2017,"68,76"
05/11/2017,"68,78"
06/11/2017,"68,85"
07/11/2017,"68,07"
08/11/2017,"68,63"
09/11/2017,"68,29"
10/11/2017,"69,05"
11/11/2017,"68,95"
12/11/2017,"68,91"
13/11/2017,"68,88"
14/11/2017,"68,6"
15/11/2017,"68,81"
16/11/2017,"69,21"
17/11/2017,"69,78"
18/11/2017,"70,28"
19/11/2017,"70,79"
20/11/2017,"71,37"
21/11/2017,"70,9"
22/11/2017,"70,74"
23/11/2017,"71,49"
24/11/2017,"72,23"
25/11/2017,"72,22"
26/11/2017,"72,26"
27/11/2017,"72,15"
28/11/2017,"74,05"
29/11/2017,"75,52"
30/11/2017,"75,04"
01/12/2017,"75,43"
02/12/2017,"75,27"
03/12/2017,"75,15"
04/12/2017,"75,03"
05/12/2017,"74,96"
06/12/2017,"75,17"
07/12/2017,"74,23"
08/12/2017,"73,72"
09/12/2017,"73,5"
10/12/2017,"73,26"
11/12/2017,73
12/12/2017,"72,91"
13/12/2017,"74,13"
14/12/2017,"75,33"
15/12/2017,"75,92"
16/12/2017,"75,64"
17/12/2017,"75,42"
18/12/2017,"75,2"
19/12/2017,"75,03"
20/12/2017,"75,71"
21/12/2017,"77,94"
22/12/2017,"77,87"
23/12/2017,"77,78"
24/12/2017,"77,7"
25/12/2017,"77,63"
26/12/2017,"77,43"
27/12/2017,"78,95"
28/12/2017,"78,8"
29/12/2017,"78,63"
30/12/2017,"78,36"
31/12/2017,"78,1"
01/01/2018,"77,84"
02/01/2018,"77,5"
03/01/2018,"78,11"
04/01/2018,"79,25"
05/01/2018,"78,01"
06/01/2018,"78,12"
07/01/2018,"78,14"
08/01/2018,"78,14"
09/01/2018,"78,35"
10/01/2018,"79,65"
11/01/2018,"82,65"
12/01/2018,"81,68"
13/01/2018,"81,67"
14/01/2018,"81,61"
15/01/2018,"81,55"
16/01/2018,"81,43"
17/01/2018,"82,14"
18/01/2018,"82,63"
19/01/2018,"83,42"
20/01/2018,"83,34"
21/01/2018,"83,33"
22/01/2018,"83,41"
23/01/2018,"82,26"
24/01/2018,"82,27"
25/01/2018,"81,88"
26/01/2018,"80,48"
27/01/2018,"79,79"
28/01/2018,"79,06"
29/01/2018,"78,36"
30/01/2018,"77,03"
31/01/2018,"77,28"
01/02/2018,"78,35"
02/02/2018,"77,3"
03/02/2018,"77,09"
04/02/2018,"76,83"
05/02/2018,"76,57"
06/02/2018,"76,19"
07/02/2018,"75,96"
08/02/2018,"76,62"
09/02/2018,"76,68"
10/02/2018,"76,59"
11/02/2018,"76,52"
12/02/2018,"76,45"
13/02/2018,"76,38"
14/02/2018,"75,6"
15/02/2018,"75,41"
16/02/2018,"75,72"
17/02/2018,"76,2"
18/02/2018,"76,66"
19/02/2018,"77,13"
20/02/2018,"77,51"
21/02/2018,"78,91"
22/02/2018,"80,54"
23/02/2018,"81,45"
24/02/2018,"81,48"
25/02/2018,"81,59"
26/02/2018,"81,7"
27/02/2018,"81,76"
28/02/2018,"81,65"
01/03/2018,"82,57"
02/03/2018,"82,72"
03/03/2018,"83,59"
04/03/2018,"84,41"
05/03/2018,"85,41"
06/03/2018,"83,84"
07/03/2018,"84,2"
08/03/2018,"85,12"
09/03/2018,"84,52"
10/03/2018,"84,12"
11/03/2018,"83,7"
12/03/2018,"83,28"
13/03/2018,"82,98"
14/03/2018,"83,44"
15/03/2018,"83,53"
16/03/2018,"82,85"
17/03/2018,"82,38"
18/03/2018,"81,89"
19/03/2018,"81,23"
20/03/2018,"83,08"
21/03/2018,"82,59"
22/03/2018,"82,15"
23/03/2018,"81,83"
24/03/2018,"81,83"
25/03/2018,"81,81"
26/03/2018,"81,78"
27/03/2018,"82,02"
28/03/2018,"80,74"
29/03/2018,"81,46"
30/03/2018,"81,31"
31/03/2018,"81,22"
01/04/2018,"81,13"
02/04/2018,"80,97"
03/04/2018,"82,02"
04/04/2018,"79,64"
05/04/2018,"82,57"
06/04/2018,"82,54"
07/04/2018,"82,67"
08/04/2018,"82,81"
09/04/2018,"82,91"
10/04/2018,"83,53"
11/04/2018,"83,83"
12/04/2018,"83,69"
13/04/2018,"83,41"
14/04/2018,"83,37"
15/04/2018,"83,3"
16/04/2018,"83,25"
17/04/2018,"83,13"
18/04/2018,"82,74"
19/04/2018,"82,97"
20/04/2018,"85,47"
21/04/2018,"84,54"
22/04/2018,"83,87"
23/04/2018,"83,19"
24/04/2018,"82,26"
25/04/2018,"84,76"
26/04/2018,"84,99"
27/04/2018,"85,33"
28/04/2018,"85,1"
29/04/2018,"84,91"
30/04/2018,"84,68"
01/05/2018,"85,12"
02/05/2018,"85,01"
03/05/2018,"84,45"
04/05/2018,"86,35"
05/05/2018,"86,12"
06/05/2018,"86,04"
07/05/2018,"85,99"
08/05/2018,"85,38"
09/05/2018,"85,86"
10/05/2018,"84,56"
11/05/2018,"84,62"
12/05/2018,"84,31"
13/05/2018,"84,02"
14/05/2018,"83,7"
15/05/2018,"83,76"
16/05/2018,"84,35"
17/05/2018,"85,03"
18/05/2018,"86,55"
19/05/2018,"87,08"
20/05/2018,"87,68"
21/05/2018,"88,42"
22/05/2018,"87,35"
23/05/2018,"86,96"
24/05/2018,"87,46"
25/05/2018,"89,21"
26/05/2018,"90,14"
27/05/2018,"91,12"
28/05/2018,"92,1"
29/05/2018,"93,21"
30/05/2018,"92,49"
31/05/2018,"93,15"
01/06/2018,"93,3"
02/06/2018,"92,82"
03/06/2018,"92,4"
04/06/2018,"92,1"
05/06/2018,"89,84"
06/06/2018,"90,95"
07/06/2018,"93,72"
08/06/2018,"94,94"
09/06/2018,"94,81"
10/06/2018,"94,8"
11/06/2018,"94,75"
12/06/2018,"95,21"
13/06/2018,"93,81"
14/06/2018,"93,41"
15/06/2018,"90,72"
16/06/2018,"89,59"
17/06/2018,"88,35"
18/06/2018,"87,32"
19/06/2018,"83,32"
20/06/2018,"83,21"
21/06/2018,"83,21"
22/06/2018,"85,43"
23/06/2018,"85,47"
24/06/2018,"85,67"
25/06/2018,"85,94"
26/06/2018,"85,04"
27/06/2018,"85,75"
28/06/2018,"84,93"
29/06/2018,"85,38"
30/06/2018,"85,06"
01/07/2018,"84,79"
02/07/2018,"84,5"
03/07/2018,"84,54"
04/07/2018,"84,24"
05/07/2018,"83,73"
06/07/2018,"86,38"
07/07/2018,"86,52"
08/07/2018,"86,83"
09/07/2018,"87,16"
10/07/2018,"87,5"
11/07/2018,"85,24"
12/07/2018,"89,24"
13/07/2018,"88,9"
14/07/2018,"88,9"
15/07/2018,"88,9"
16/07/2018,"88,88"
17/07/2018,"89,2"
18/07/2018,"88,83"
19/07/2018,"88,3"
20/07/2018,"87,74"
21/07/2018,"87,68"
22/07/2018,"87,58"
23/07/2018,"87,47"
24/07/2018,"87,32"
25/07/2018,"88,8"
26/07/2018,"89,03"
27/07/2018,"89,06"
28/07/2018,"89,37"
29/07/2018,"89,66"
30/07/2018,"89,95"
31/07/2018,"90,28"
01/08/2018,"89,06"
02/08/2018,"89,44"
03/08/2018,"88,67"
04/08/2018,"88,7"
05/08/2018,"88,68"
06/08/2018,"88,69"
07/08/2018,"88,22"
08/08/2018,"87,39"
09/08/2018,"87,26"
10/08/2018,"85,86"
11/08/2018,85
12/08/2018,"84,11"
13/08/2018,"83,14"
14/08/2018,"83,41"
15/08/2018,"81,08"
16/08/2018,"82,13"
17/08/2018,"81,75"
18/08/2018,"82,24"
19/08/2018,"82,66"
20/08/2018,"83,1"
21/08/2018,"83,5"
22/08/2018,"82,52"
23/08/2018,"81,73"
24/08/2018,"81,81"
25/08/2018,"82,4"
26/08/2018,"82,95"
27/08/2018,"83,52"
28/08/2018,"83,81"
29/08/2018,"82,97"
30/08/2018,"82,42"
31/08/2018,"82,31"
01/09/2018,"82,42"
02/09/2018,"82,51"
03/09/2018,"82,6"
04/09/2018,"82,78"
05/09/2018,"81,71"
06/09/2018,"81,38"
07/09/2018,"82,13"
08/09/2018,"82,69"
09/09/2018,"83,25"
10/09/2018,"83,93"
11/09/2018,"83,03"
12/09/2018,"82,76"
13/09/2018,"81,62"
14/09/2018,"81,9"
15/09/2018,"81,7"
16/09/2018,"81,52"
17/09/2018,"81,51"
18/09/2018,"79,15"
19/09/2018,"79,63"
20/09/2018,"79,07"
21/09/2018,"79,28"
22/09/2018,"79,12"
23/09/2018,"78,99"
24/09/2018,"78,73"
25/09/2018,"80,41"
26/09/2018,79
27/09/2018,"78,12"
28/09/2018,"76,76"
29/09/2018,"76,81"
30/09/2018,"76,75"
01/10/2018,"76,7"
02/10/2018,"76,58"
03/10/2018,"76,85"
04/10/2018,"76,39"
05/10/2018,"76,49"
06/10/2018,"76,97"
07/10/2018,"77,41"
08/10/2018,"77,94"
09/10/2018,"77,4"
10/10/2018,"76,8"
11/10/2018,"76,81"
12/10/2018,"78,37"
13/10/2018,"78,4"
14/10/2018,"78,54"
15/10/2018,"78,72"
16/10/2018,"78,33"
17/10/2018,"77,92"
18/10/2018,"78,05"
19/10/2018,"77,92"
20/10/2018,"78,61"
21/10/2018,"79,25"
22/10/2018,"80,02"
23/10/2018,"78,99"
24/10/2018,"77,07"
25/10/2018,"77,68"
26/10/2018,"78,53"
27/10/2018,"78,01"
28/10/2018,"77,6"
29/10/2018,"77,17"
30/10/2018,"76,9"
31/10/2018,"76,86"
01/11/2018,"79,03"
02/11/2018,"78,79"
03/11/2018,"78,79"
04/11/2018,"78,78"
05/11/2018,"78,87"
06/11/2018,"77,43"
07/11/2018,"78,96"
08/11/2018,"79,01"
09/11/2018,"78,09"
10/11/2018,"77,54"
11/11/2018,"76,96"
12/11/2018,"76,38"
13/11/2018,"75,86"
14/11/2018,"76,39"
15/11/2018,"76,25"
16/11/2018,"76,12"
17/11/2018,"76,03"
18/11/2018,"75,94"
19/11/2018,"75,88"
20/11/2018,"75,27"
21/11/2018,"76,51"
22/11/2018,"75,71"
23/11/2018,"74,92"
24/11/2018,"75,8"
25/11/2018,"76,55"
26/11/2018,"77,4"
27/11/2018,"76,77"
28/11/2018,"77,76"
29/11/2018,"76,64"
30/11/2018,"77,16"
01/12/2018,"77,74"
02/12/2018,"78,3"
03/12/2018,"78,91"
04/12/2018,"78,77"
05/12/2018,"80,11"
06/12/2018,"78,02"
07/12/2018,"80,23"
08/12/2018,"80,01"
09/12/2018,"79,95"
10/12/2018,"79,88"
11/12/2018,"80,02"
12/12/2018,"79,97"
13/12/2018,"79,41"
14/12/2018,"79,6"
15/12/2018,"79,21"
16/12/2018,"78,86"
17/12/2018,"78,54"
18/12/2018,"77,85"
19/12/2018,"76,71"
20/12/2018,"75,06"
21/12/2018,"73,18"
22/12/2018,"73,08"
23/12/2018,"72,84"
24/12/2018,"72,55"
25/12/2018,"72,98"
26/12/2018,"73,5"
27/12/2018,"72,06"
28/12/2018,"72,19"
29/12/2018,"72,17"
30/12/2018,"72,16"
31/12/2018,"72,2"
01/01/2019,"71,52"
02/01/2019,"70,84"
03/01/2019,"70,83"
04/01/2019,"72,52"
05/01/2019,"72,49"
06/01/2019,"72,58"
07/01/2019,"72,75"
08/01/2019,"71,67"
09/01/2019,"73,13"
10/01/2019,"72,85"
11/01/2019,"72,49"
12/01/2019,"72,67"
13/01/2019,"72,8"
14/01/2019,"72,99"
15/01/2019,"72,36"
16/01/2019,"73,27"
17/01/2019,"74,37"
18/01/2019,"73,89"
19/01/2019,"73,83"
20/01/2019,"73,75"
21/01/2019,"73,71"
22/01/2019,"73,13"
23/01/2019,"73,52"
24/01/2019,"73,14"
25/01/2019,"74,13"
26/01/2019,"73,99"
27/01/2019,"73,94"
28/01/2019,"73,85"
29/01/2019,"74,15"
30/01/2019,"74,36"
31/01/2019,"74,4"
01/02/2019,"73,64"
02/02/2019,"73,39"
03/02/2019,"73,11"
04/02/2019,"72,76"
05/02/2019,"73,4"
06/02/2019,"73,66"
07/02/2019,"72,81"
08/02/2019,"72,55"
09/02/2019,"71,86"
10/02/2019,"71,2"
11/02/2019,"70,55"
12/02/2019,"69,78"
13/02/2019,"69,86"
14/02/2019,"70,13"
15/02/2019,"70,22"
16/02/2019,"70,75"
17/02/2019,"71,24"
18/02/2019,"71,89"
19/02/2019,"70,41"
20/02/2019,"70,28"
21/02/2019,"72,19"
22/02/2019,"71,84"
23/02/2019,"71,85"
24/02/2019,"71,85"
25/02/2019,"71,93"
26/02/2019,"70,85"
27/02/2019,"71,19"
28/02/2019,"71,74"
01/03/2019,"72,73"
02/03/2019,"72,46"
03/03/2019,"72,28"
04/03/2019,"71,97"
05/03/2019,"73,45"
06/03/2019,"73,05"
07/03/2019,"71,9"
08/03/2019,"73,49"
09/03/2019,"73,36"
10/03/2019,"73,35"
11/03/2019,"73,2"
12/03/2019,"74,85"
13/03/2019,"75,72"
14/03/2019,"74,3"
15/03/2019,"75,5"
16/03/2019,"75,38"
17/03/2019,"75,34"
18/03/2019,"75,27"
19/03/2019,"75,65"
20/03/2019,"75,5"
21/03/2019,"77,18"
22/03/2019,"76,58"
23/03/2019,77
24/03/2019,"77,35"
25/03/2019,"77,73"
26/03/2019,"77,89"
27/03/2019,"76,95"
28/03/2019,"75,87"
29/03/2019,"77,61"
30/03/2019,"77,44"
31/03/2019,"77,4"
01/04/2019,"77,36"
02/04/2019,"77,27"
03/04/2019,"77,05"
04/04/2019,"77,32"
05/04/2019,"78,25"
06/04/2019,"78,41"
07/04/2019,"78,62"
08/04/2019,"78,92"
09/04/2019,"78,09"
10/04/2019,"77,62"
11/04/2019,"76,98"
12/04/2019,"78,11"
13/04/2019,"77,54"
14/04/2019,"77,09"
15/04/2019,"76,49"
16/04/2019,"77,94"
17/04/2019,"78,11"
18/04/2019,"77,31"
19/04/2019,"77,31"
20/04/2019,"77,25"
21/04/2019,"77,2"
22/04/2019,"77,19"
23/04/2019,"76,57"
24/04/2019,"75,77"
25/04/2019,"76,97"
26/04/2019,"76,75"
27/04/2019,"76,54"
28/04/2019,"76,34"
29/04/2019,"76,13"
30/04/2019,"75,98"
01/05/2019,"75,91"
02/05/2019,"74,65"
03/05/2019,"74,78"
04/05/2019,"74,04"
05/05/2019,"73,36"
06/05/2019,"72,65"
07/05/2019,"72,28"
08/05/2019,"71,45"
09/05/2019,"70,23"
10/05/2019,"68,45"
11/05/2019,"67,55"
12/05/2019,"66,59"
13/05/2019,"65,45"
14/05/2019,"66,76"
15/05/2019,"66,35"
16/05/2019,"66,8"
17/05/2019,"65,99"
18/05/2019,"66,67"
19/05/2019,"67,24"
20/05/2019,"67,91"
21/05/2019,"67,32"
22/05/2019,"66,75"
23/05/2019,"67,48"
24/05/2019,"68,39"
25/05/2019,"68,61"
26/05/2019,"68,88"
27/05/2019,"69,15"
28/05/2019,"69,47"
29/05/2019,"69,06"
30/05/2019,"69,34"
31/05/2019,"68,08"
01/06/2019,"68,59"
02/06/2019,"68,97"
03/06/2019,"69,42"
04/06/2019,"68,97"
05/06/2019,"68,74"
06/06/2019,"68,59"
07/06/2019,"65,59"
08/06/2019,"65,87"
09/06/2019,"65,92"
10/06/2019,"65,99"
11/06/2019,"65,65"
12/06/2019,"66,57"
13/06/2019,"66,83"
14/06/2019,"65,94"
15/06/2019,"65,87"
16/06/2019,"65,74"
17/06/2019,"65,63"
18/06/2019,"65,32"
19/06/2019,"65,38"
20/06/2019,"63,21"
21/06/2019,"61,19"
22/06/2019,"61,68"
23/06/2019,"61,98"
24/06/2019,"62,3"
25/06/2019,"62,2"
26/06/2019,"63,49"
27/06/2019,"62,99"
28/06/2019,"63,15"
29/06/2019,"63,17"
30/06/2019,"63,19"
01/07/2019,"63,17"
02/07/2019,"63,77"
03/07/2019,"63,75"
04/07/2019,"63,58"
05/07/2019,"63,44"
06/07/2019,"63,02"
07/07/2019,"62,62"
08/07/2019,"62,33"
09/07/2019,"60,23"
10/07/2019,"63,54"
11/07/2019,"62,89"
12/07/2019,"62,36"
13/07/2019,"62,81"
14/07/2019,"63,19"
15/07/2019,"63,7"
16/07/2019,"62,33"
17/07/2019,"61,89"
18/07/2019,"60,78"
19/07/2019,"62,25"
20/07/2019,"62,38"
21/07/2019,"62,6"
22/07/2019,"62,79"
23/07/2019,"63,29"
24/07/2019,"63,89"
25/07/2019,"63,81"
26/07/2019,"64,24"
27/07/2019,"64,03"
28/07/2019,"63,88"
29/07/2019,"63,77"
30/07/2019,"62,87"
31/07/2019,"63,22"
01/08/2019,"61,84"
02/08/2019,"58,94"
03/08/2019,"58,75"
04/08/2019,"58,36"
05/08/2019,"57,91"
06/08/2019,"58,27"
07/08/2019,"58,58"
08/08/2019,"59,54"
09/08/2019,"59,05"
10/08/2019,"58,76"
11/08/2019,"58,46"
12/08/2019,"58,03"
13/08/2019,"59,34"
14/08/2019,"59,61"
15/08/2019,"59,66"
16/08/2019,"60,08"
17/08/2019,"59,75"
18/08/2019,"59,48"
19/08/2019,"59,18"
20/08/2019,"59,17"
21/08/2019,"59,87"
22/08/2019,"58,87"
23/08/2019,"57,97"
24/08/2019,"57,91"
25/08/2019,"57,79"
26/08/2019,"57,66"
27/08/2019,"57,54"
28/08/2019,"58,35"
29/08/2019,"58,88"
30/08/2019,"59,05"
31/08/2019,"58,86"
01/09/2019,"58,69"
02/09/2019,"58,53"
03/09/2019,"58,31"
04/09/2019,"58,77"
05/09/2019,"59,16"
06/09/2019,"58,73"
07/09/2019,"58,89"
08/09/2019,"59,02"
09/09/2019,"59,12"
10/09/2019,"59,5"
11/09/2019,"59,37"
12/09/2019,"62,25"
13/09/2019,"61,63"
14/09/2019,"61,6"
15/09/2019,"61,54"
16/09/2019,"61,59"
17/09/2019,"60,12"
18/09/2019,"59,36"
19/09/2019,"58,99"
20/09/2019,"59,13"
21/09/2019,"59,35"
22/09/2019,"59,56"
23/09/2019,"59,83"
24/09/2019,"59,32"
25/09/2019,"59,37"
26/09/2019,"59,2"
27/09/2019,"59,82"
28/09/2019,"59,77"
29/09/2019,"59,77"
30/09/2019,"59,75"
01/10/2019,"59,9"
02/10/2019,"60,25"
03/10/2019,"60,52"
04/10/2019,"60,59"
05/10/2019,"60,63"
06/10/2019,"60,67"
07/10/2019,"60,75"
08/10/2019,"60,24"
09/10/2019,"61,01"
10/10/2019,"61,42"
11/10/2019,"63,88"
12/10/2019,"63,22"
13/10/2019,"62,79"
14/10/2019,"62,22"
15/10/2019,"63,53"
16/10/2019,"64,54"
17/10/2019,"64,99"
18/10/2019,"65,16"
19/10/2019,"64,95"
20/10/2019,"64,77"
21/10/2019,"64,56"
22/10/2019,"64,67"
23/10/2019,"64,95"
24/10/2019,"64,65"
25/10/2019,"64,9"
26/10/2019,"64,85"
27/10/2019,"64,82"
28/10/2019,"64,79"
29/10/2019,"64,72"
30/10/2019,"65,7"
31/10/2019,"64,44"
01/11/2019,"64,23"
02/11/2019,"64,05"
03/11/2019,"63,87"
04/11/2019,"63,66"
05/11/2019,"63,81"
06/11/2019,"63,69"
07/11/2019,"64,35"
08/11/2019,"64,72"
09/11/2019,"64,56"
10/11/2019,"64,45"
11/11/2019,"64,29"
12/11/2019,"64,74"
13/11/2019,"64,22"
14/11/2019,"64,27"
15/11/2019,"64,86"
16/11/2019,"64,59"
17/11/2019,"64,37"
18/11/2019,"64,21"
19/11/2019,"63,44"
20/11/2019,"62,24"
21/11/2019,"61,84"
22/11/2019,"63,42"
23/11/2019,"63,78"
24/11/2019,"64,23"
25/11/2019,"64,69"
26/11/2019,"64,9"
27/11/2019,"64,91"
28/11/2019,"64,65"
29/11/2019,"64,4"
30/11/2019,"64,21"
01/12/2019,"64,01"
02/12/2019,"63,85"
03/12/2019,"63,1"
04/12/2019,"63,17"
05/12/2019,"63,51"
06/12/2019,65
07/12/2019,"65,07"
08/12/2019,"65,24"
09/12/2019,"65,38"
10/12/2019,"65,93"
11/12/2019,"65,88"
12/12/2019,"67,17"
13/12/2019,"66,8"
14/12/2019,"66,86"
15/12/2019,"66,89"
16/12/2019,"66,97"
17/12/2019,"66,44"
18/12/2019,"66,74"
19/12/2019,"67,58"
20/12/2019,"67,96"
21/12/2019,"68,16"
22/12/2019,"68,38"
23/12/2019,"68,61"
24/12/2019,"68,7"
25/12/2019,"68,72"
26/12/2019,"68,7"
27/12/2019,"68,92"
28/12/2019,"69,11"
29/12/2019,"69,31"
30/12/2019,"69,56"
31/12/2019,"69,05"
01/01/2020,"69,18"
02/01/2020,"69,27"
03/01/2020,"69,2"
04/01/2020,"69,49"
05/01/2020,"69,74"
06/01/2020,"70,04"
07/01/2020,"69,83"
08/01/2020,"69,96"
09/01/2020,"70,69"
10/01/2020,"71,31"
11/01/2020,"71,35"
12/01/2020,"71,43"
13/01/2020,"71,53"
14/01/2020,"71,38"
15/01/2020,"70,32"
16/01/2020,"70,22"
17/01/2020,"71,25"
18/01/2020,"70,71"
19/01/2020,"70,27"
20/01/2020,"69,84"
21/01/2020,"69,24"
22/01/2020,"71,13"
23/01/2020,"70,03"
24/01/2020,"69,4"
25/01/2020,"69,49"
26/01/2020,"69,53"
27/01/2020,"69,51"
28/01/2020,"70,36"
29/01/2020,"70,06"
30/01/2020,"69,05"
31/01/2020,"67,5"
01/02/2020,"67,37"
02/02/2020,"67,13"
03/02/2020,"66,84"
04/02/2020,"67,35"
05/02/2020,"67,51"
06/02/2020,"67,91"
07/02/2020,"67,75"
08/02/2020,"67,91"
09/02/2020,"68,05"
10/02/2020,"68,19"
11/02/2020,"68,23"
12/02/2020,"68,58"
13/02/2020,"67,75"
14/02/2020,"67,41"
15/02/2020,"67,56"
16/02/2020,"67,68"
17/02/2020,"67,79"
18/02/2020,"67,87"
19/02/2020,"68,48"
20/02/2020,"68,75"
21/02/2020,"68,93"
22/02/2020,"68,41"
23/02/2020,"67,94"
24/02/2020,"67,53"
25/02/2020,"66,33"
26/02/2020,"65,55"
27/02/2020,"62,6"
28/02/2020,"61,59"
29/02/2020,"62,28"
01/03/2020,"62,83"
02/03/2020,"63,48"
03/03/2020,"62,75"
04/03/2020,"62,96"
05/03/2020,"63,53"
06/03/2020,"62,97"
07/03/2020,"62,46"
08/03/2020,"61,94"
09/03/2020,"61,39"
10/03/2020,"61,41"
11/03/2020,"61,55"
12/03/2020,"59,7"
13/03/2020,"60,49"
14/03/2020,"59,85"
15/03/2020,"59,31"
16/03/2020,"58,8"
17/03/2020,"57,92"
18/03/2020,"56,64"
19/03/2020,"54,93"
20/03/2020,"53,68"
21/03/2020,"53,25"
22/03/2020,"52,75"
23/03/2020,"52,15"
24/03/2020,"52,89"
25/03/2020,"53,44"
26/03/2020,"52,78"
27/03/2020,"51,33"
28/03/2020,"51,2"
29/03/2020,"50,97"
30/03/2020,"50,7"
31/03/2020,"51,13"
01/04/2020,"48,41"
02/04/2020,"49,99"
03/04/2020,"50,98"
04/04/2020,"51,63"
05/04/2020,"52,31"
06/04/2020,"53,05"
07/04/2020,"52,9"
08/04/2020,"53,84"
09/04/2020,"54,37"
10/04/2020,"53,91"
11/04/2020,"53,53"
12/04/2020,"53,15"
13/04/2020,"52,76"
14/04/2020,"52,51"
15/04/2020,"52,75"
16/04/2020,"52,79"
17/04/2020,"52,77"
18/04/2020,"53,19"
19/04/2020,"53,57"
20/04/2020,"54,03"
21/04/2020,"53,31"
22/04/2020,"56,28"
23/04/2020,"56,88"
24/04/2020,"54,93"
25/04/2020,"54,75"
26/04/2020,"54,44"
27/04/2020,"53,93"
28/04/2020,"56,18"
29/04/2020,"58,02"
30/04/2020,"58,06"
01/05/2020,"56,56"
02/05/2020,"56,07"
03/05/2020,"55,52"
04/05/2020,55
05/05/2020,"53,91"
06/05/2020,"54,83"
07/05/2020,"55,39"
08/05/2020,"56,27"
09/05/2020,"56,39"
10/05/2020,"56,57"
11/05/2020,"56,63"
12/05/2020,"58,34"
13/05/2020,"57,46"
14/05/2020,"57,85"
15/05/2020,"58,25"
16/05/2020,"58,11"
17/05/2020,"58,01"
18/05/2020,"57,8"
19/05/2020,"59,2"
20/05/2020,"58,21"
21/05/2020,"58,06"
22/05/2020,"57,61"
23/05/2020,"57,8"
24/05/2020,"57,94"
25/05/2020,"58,08"
26/05/2020,"58,23"
27/05/2020,"58,34"
28/05/2020,"57,57"
29/05/2020,"57,59"
30/05/2020,"58,44"
31/05/2020,"59,23"
01/06/2020,"60,06"
02/06/2020,"60,37"
03/06/2020,"60,48"
04/06/2020,60
05/06/2020,"61,79"
06/06/2020,"61,36"
07/06/2020,"61,08"
08/06/2020,"60,81"
09/06/2020,"60,52"
10/06/2020,"60,51"
11/06/2020,"60,02"
12/06/2020,"59,84"
13/06/2020,"59,6"
14/06/2020,"59,36"
15/06/2020,"59,01"
16/06/2020,"60,07"
17/06/2020,"61,34"
18/06/2020,"61,17"
19/06/2020,"61,56"
20/06/2020,"61,88"
21/06/2020,"62,2"
22/06/2020,"62,52"
23/06/2020,"63,04"
24/06/2020,"61,66"
25/06/2020,"61,81"
26/06/2020,"60,55"
27/06/2020,"60,33"
28/06/2020,"60,05"
29/06/2020,"59,62"
30/06/2020,"60,98"
01/07/2020,"62,58"
02/07/2020,"63,05"
03/07/2020,"63,03"
04/07/2020,"63,05"
05/07/2020,"63,07"
06/07/2020,"63,07"
07/07/2020,"63,24"
08/07/2020,"64,66"
09/07/2020,"63,34"
10/07/2020,"64,71"
11/07/2020,"64,29"
12/07/2020,"63,99"
13/07/2020,"63,75"
14/07/2020,"62,69"
15/07/2020,"62,59"
16/07/2020,"62,88"
17/07/2020,"62,01"
18/07/2020,"62,39"
19/07/2020,"62,67"
20/07/2020,"62,99"
21/07/2020,"62,91"
22/07/2020,"62,74"
23/07/2020,"61,68"
24/07/2020,"59,96"
25/07/2020,"60,3"
26/07/2020,"60,48"
27/07/2020,"60,69"
28/07/2020,"60,59"
29/07/2020,"61,03"
30/07/2020,"62,82"
31/07/2020,"62,3"
01/08/2020,"62,75"
02/08/2020,"63,14"
03/08/2020,"63,53"
04/08/2020,"63,93"
05/08/2020,"64,36"
06/08/2020,"64,41"
07/08/2020,"61,88"
08/08/2020,"62,18"
09/08/2020,"62,28"
10/08/2020,"62,34"
11/08/2020,"63,03"
12/08/2020,"61,84"
13/08/2020,"62,43"
14/08/2020,"62,29"
15/08/2020,"62,4"
16/08/2020,"62,5"
17/08/2020,"62,62"
18/08/2020,"62,39"
19/08/2020,"63,21"
20/08/2020,"63,92"
21/08/2020,"63,73"
22/08/2020,"64,22"
23/08/2020,"64,67"
24/08/2020,"65,16"
25/08/2020,"64,98"
26/08/2020,"64,98"
27/08/2020,"64,76"
28/08/2020,"64,37"
29/08/2020,"64,41"
30/08/2020,"64,42"
31/08/2020,"64,41"
01/09/2020,"64,66"
02/09/2020,"64,18"
03/09/2020,"63,56"
04/09/2020,"64,12"
05/09/2020,"63,85"
06/09/2020,"63,64"
07/09/2020,"63,43"
08/09/2020,"63,19"
09/09/2020,"63,35"
10/09/2020,"63,96"
11/09/2020,"64,06"
12/09/2020,"64,53"
13/09/2020,"64,97"
14/09/2020,"65,46"
15/09/2020,"65,39"
16/09/2020,"64,97"
17/09/2020,"64,35"
18/09/2020,"64,16"
19/09/2020,"64,03"
20/09/2020,"63,89"
21/09/2020,"63,74"
22/09/2020,"63,84"
23/09/2020,"63,76"
24/09/2020,"63,97"
25/09/2020,"64,66"
26/09/2020,"64,53"
27/09/2020,"64,45"
28/09/2020,"64,4"
29/09/2020,64
30/09/2020,"64,49"
01/10/2020,"64,61"
02/10/2020,"64,52"
03/10/2020,"64,62"
04/10/2020,"64,7"
05/10/2020,"64,73"
06/10/2020,"65,56"
07/10/2020,"66,29"
08/10/2020,"66,19"
09/10/2020,"67,64"
10/10/2020,"67,83"
11/10/2020,"68,11"
12/10/2020,"68,37"
13/10/2020,"68,83"
14/10/2020,"68,93"
15/10/2020,"69,22"
16/10/2020,"69,92"
17/10/2020,"70,3"
18/10/2020,"70,71"
19/10/2020,"71,16"
20/10/2020,"71,02"
21/10/2020,"71,04"
22/10/2020,"71,94"
23/10/2020,"71,29"
24/10/2020,"71,59"
25/10/2020,"71,83"
26/10/2020,"72,11"
27/10/2020,"72,03"
28/10/2020,"70,17"
29/10/2020,"69,82"
30/10/2020,"68,92"
31/10/2020,"68,94"
01/11/2020,"68,9"
02/11/2020,"68,73"
03/11/2020,"70,24"
04/11/2020,"70,23"
05/11/2020,"70,07"
06/11/2020,"68,62"
07/11/2020,"69,16"
08/11/2020,"69,56"
09/11/2020,70
10/11/2020,"69,85"
11/11/2020,"69,28"
12/11/2020,"68,48"
13/11/2020,"68,46"
14/11/2020,"68,83"
15/11/2020,"69,17"
16/11/2020,"69,57"
17/11/2020,"69,11"
18/11/2020,"69,68"
19/11/2020,"69,32"
20/11/2020,"70,88"
21/11/2020,"71,22"
22/11/2020,"71,64"
23/11/2020,"72,15"
24/11/2020,"71,53"
25/11/2020,"70,8"
26/11/2020,"71,25"
27/11/2020,"71,68"
28/11/2020,"71,28"
29/11/2020,"70,95"
30/11/2020,"70,59"
01/12/2020,"70,59"
02/12/2020,"69,99"
03/12/2020,"69,42"
04/12/2020,"69,86"
05/12/2020,"70,1"
06/12/2020,"70,35"
07/12/2020,"70,63"
08/12/2020,"70,18"
09/12/2020,"73,05"
10/12/2020,"74,26"
11/12/2020,"74,08"
12/12/2020,"74,31"
13/12/2020,"74,52"
14/12/2020,"74,67"
15/12/2020,"75,59"
16/12/2020,"75,65"
17/12/2020,"77,19"
18/12/2020,"77,16"
19/12/2020,"76,34"
20/12/2020,"75,59"
21/12/2020,"74,76"
22/12/2020,"74,82"
23/12/2020,"76,14"
24/12/2020,"76,2"
25/12/2020,"76,17"
26/12/2020,"76,18"
27/12/2020,"76,17"
28/12/2020,"76,35"
29/12/2020,"77,01"
30/12/2020,"77,97"
31/12/2020,"78,12"
01/01/2021,"78,35"
02/01/2021,"78,59"
03/01/2021,"78,82"
04/01/2021,"78,97"
05/01/2021,"80,35"
06/01/2021,"80,06"
07/01/2021,"79,76"
08/01/2021,"79,77"
09/01/2021,"80,03"
10/01/2021,"80,27"
11/01/2021,"80,43"
12/01/2021,"81,7"
13/01/2021,"80,92"
14/01/2021,"81,15"
15/01/2021,"80,7"
16/01/2021,"80,85"
17/01/2021,"80,96"
18/01/2021,"81,07"
19/01/2021,"81,15"
20/01/2021,"81,59"
21/01/2021,"82,57"
22/01/2021,"81,56"
23/01/2021,"81,85"
24/01/2021,"82,06"
25/01/2021,"82,33"
26/01/2021,"81,71"
27/01/2021,"80,84"
28/01/2021,"79,93"
29/01/2021,"80,64"
30/01/2021,"80,42"
31/01/2021,"80,26"
01/02/2021,"80,03"
02/02/2021,"80,69"
03/02/2021,"80,99"
04/02/2021,"84,28"
05/02/2021,"82,74"
06/02/2021,"83,4"
07/02/2021,"83,91"
08/02/2021,"84,28"
09/02/2021,"86,93"
10/02/2021,"84,67"
11/02/2021,"86,41"
12/02/2021,"87,27"
13/02/2021,"87,44"
14/02/2021,"87,67"
15/02/2021,"87,89"
16/02/2021,"88,12"
17/02/2021,"88,36"
18/02/2021,"88,73"
19/02/2021,"88,95"
20/02/2021,"89,62"
21/02/2021,"90,26"
22/02/2021,"90,91"
23/02/2021,"91,37"
24/02/2021,"92,33"
25/02/2021,"88,24"
26/02/2021,"87,82"
27/02/2021,"88,66"
28/02/2021,"89,39"
01/03/2021,"90,26"
02/03/2021,"89,44"
03/03/2021,"86,9"
04/03/2021,"85,59"
05/03/2021,"86,21"
06/03/2021,"86,28"
07/03/2021,"86,37"
08/03/2021,"86,77"
09/03/2021,"82,77"
10/03/2021,"85,22"
11/03/2021,"88,35"
12/03/2021,"87,56"
13/03/2021,"87,3"
14/03/2021,"87,03"
15/03/2021,"86,72"
16/03/2021,"86,92"
17/03/2021,"86,51"
18/03/2021,"85,45"
19/03/2021,"84,68"
20/03/2021,"84,67"
21/03/2021,"84,6"
22/03/2021,"84,62"
23/03/2021,"83,53"
24/03/2021,"82,44"
25/03/2021,"78,44"
26/03/2021,"80,38"
27/03/2021,"80,34"
28/03/2021,"80,42"
29/03/2021,"80,49"
30/03/2021,"80,64"
31/03/2021,"80,88"
01/04/2021,"77,95"
02/04/2021,"78,12"
03/04/2021,"78,08"
04/04/2021,"78,03"
05/04/2021,"77,88"
06/04/2021,"79,22"
07/04/2021,"79,5"
08/04/2021,"81,41"
09/04/2021,"82,4"
10/04/2021,"81,62"
11/04/2021,"80,98"
12/04/2021,"80,14"
13/04/2021,"81,82"
14/04/2021,"84,2"
15/04/2021,"85,02"
16/04/2021,"83,71"
17/04/2021,"83,63"
18/04/2021,"83,48"
19/04/2021,"83,26"
20/04/2021,"83,77"
21/04/2021,"84,83"
22/04/2021,"84,64"
23/04/2021,"87,51"
24/04/2021,"87,54"
25/04/2021,"87,77"
26/04/2021,"87,86"
27/04/2021,"90,07"
28/04/2021,"88,74"
29/04/2021,"85,89"
30/04/2021,"87,43"
01/05/2021,"87,26"
02/05/2021,"87,2"
03/05/2021,"87,21"
04/05/2021,"86,17"
05/05/2021,"86,23"
06/05/2021,"89,48"
07/05/2021,"89,66"
08/05/2021,"89,21"
09/05/2021,"88,83"
10/05/2021,"88,47"
11/05/2021,"87,75"
12/05/2021,"88,23"
13/05/2021,"84,98"
14/05/2021,"82,43"
15/05/2021,"82,57"
16/05/2021,"82,51"
17/05/2021,"82,32"
18/05/2021,"84,01"
19/05/2021,"82,92"
20/05/2021,"81,53"
21/05/2021,"82,82"
22/05/2021,"82,76"
23/05/2021,"82,78"
24/05/2021,"82,82"
25/05/2021,"82,71"
26/05/2021,"82,44"
27/05/2021,"82,61"
28/05/2021,"82,12"
29/05/2021,"82,69"
30/05/2021,"83,19"
31/05/2021,"83,68"
01/06/2021,"84,25"
02/06/2021,"83,77"
03/06/2021,"84,21"
04/06/2021,"85,8"
05/06/2021,"85,25"
06/06/2021,"84,86"
07/06/2021,"84,36"
08/06/2021,"85,14"
09/06/2021,"86,62"
10/06/2021,"87,36"
11/06/2021,87
12/06/2021,"86,32"
13/06/2021,"85,68"
14/06/2021,"84,95"
15/06/2021,"85,28"
16/06/2021,"85,33"
17/06/2021,"84,17"
18/06/2021,"84,42"
19/06/2021,"84,31"
20/06/2021,"84,21"
21/06/2021,"84,09"
22/06/2021,"84,22"
23/06/2021,"86,46"
24/06/2021,"86,03"
25/06/2021,"86,43"
26/06/2021,"86,48"
27/06/2021,"86,55"
28/06/2021,"86,66"
29/06/2021,"86,49"
30/06/2021,"84,03"
01/07/2021,"85,01"
02/07/2021,"86,03"
03/07/2021,"86,06"
04/07/2021,"86,17"
05/07/2021,"86,28"
06/07/2021,"86,38"
07/07/2021,"86,63"
08/07/2021,"85,88"
09/07/2021,"87,99"
10/07/2021,"88,06"
11/07/2021,"88,27"
12/07/2021,"88,47"
13/07/2021,"88,77"
14/07/2021,"90,57"
15/07/2021,"89,84"
16/07/2021,"90,7"
17/07/2021,"89,48"
18/07/2021,"88,41"
19/07/2021,"87,11"
20/07/2021,"88,87"
21/07/2021,"89,09"
22/07/2021,"90,27"
23/07/2021,"90,32"
24/07/2021,"90,31"
25/07/2021,"90,32"
26/07/2021,"90,29"
27/07/2021,"90,74"
28/07/2021,"90,91"
29/07/2021,"90,76"
30/07/2021,"89,83"
31/07/2021,"89,97"
01/08/2021,"90,03"
02/08/2021,"90,07"
03/08/2021,"90,3"
04/08/2021,"90,72"
05/08/2021,"91,17"
06/08/2021,"92,42"
07/08/2021,"92,01"
08/08/2021,"91,72"
09/08/2021,"91,3"
10/08/2021,"92,74"
11/08/2021,"91,64"
12/08/2021,"93,77"
13/08/2021,"95,21"
14/08/2021,"95,03"
15/08/2021,"94,97"
16/08/2021,"94,85"
17/08/2021,"95,7"
18/08/2021,"95,52"
19/08/2021,"93,47"
20/08/2021,"93,9"
21/08/2021,"94,14"
22/08/2021,"94,38"
23/08/2021,"94,54"
24/08/2021,"95,76"
25/08/2021,"95,95"
26/08/2021,"95,36"
27/08/2021,"96,27"
28/08/2021,"95,96"
29/08/2021,"95,73"
30/08/2021,"95,61"
31/08/2021,"93,91"
01/09/2021,"94,15"
02/09/2021,"95,14"
03/09/2021,"95,62"
04/09/2021,"95,53"
05/09/2021,"95,48"
06/09/2021,"95,44"
07/09/2021,"95,41"
08/09/2021,"95,2"
09/09/2021,"94,56"
10/09/2021,"95,23"
11/09/2021,"94,93"
12/09/2021,"94,7"
13/09/2021,"94,41"
14/09/2021,"94,96"
15/09/2021,"94,67"
16/09/2021,"93,41"
17/09/2021,"93,32"
18/09/2021,"92,19"
19/09/2021,"91,14"
20/09/2021,"89,89"
21/09/2021,"91,18"
22/09/2021,"91,83"
23/09/2021,"93,31"
24/09/2021,"96,85"
25/09/2021,"97,43"
26/09/2021,"98,22"
27/09/2021,"98,91"
28/09/2021,"100,91"
29/09/2021,"103,94"
30/09/2021,"107,8"
01/10/2021,"106,53"
02/10/2021,"106,82"
03/10/2021,"107,03"
04/10/2021,"106,93"
05/10/2021,"110,93"
06/10/2021,"113,1"
07/10/2021,"113,65"
08/10/2021,"110,6"
09/10/2021,"110,38"
10/10/2021,"109,97"
11/10/2021,"109,79"
12/10/2021,"106,38"
13/10/2021,"103,86"
14/10/2021,"107,1"
15/10/2021,"107,33"
16/10/2021,"107,23"
17/10/2021,"107,18"
18/10/2021,"107,04"
19/10/2021,"107,83"
20/10/2021,"110,73"
21/10/2021,"106,14"
22/10/2021,"108,26"
23/10/2021,"108,27"
24/10/2021,"108,41"
25/10/2021,"108,54"
26/10/2021,"108,71"
27/10/2021,"110,52"
28/10/2021,"113,73"
29/10/2021,"114,85"
30/10/2021,"116,42"
31/10/2021,"117,97"
01/11/2021,"119,84"
02/11/2021,"117,25"
03/11/2021,"118,82"
04/11/2021,"116,46"
05/11/2021,"116,87"
06/11/2021,"116,82"
07/11/2021,"116,79"
08/11/2021,"116,55"
09/11/2021,"119,38"
10/11/2021,"118,68"
11/11/2021,"118,54"
12/11/2021,"117,69"
13/11/2021,"117,72"
14/11/2021,"117,69"
15/11/2021,"117,62"
16/11/2021,"117,98"
17/11/2021,"119,7"
18/11/2021,"117,59"
19/11/2021,"119,22"
20/11/2021,"118,7"
21/11/2021,"118,32"
22/11/2021,"117,71"
23/11/2021,"120,36"
24/11/2021,"120,38"
25/11/2021,"118,48"
26/11/2021,"116,6"
27/11/2021,"116,58"
28/11/2021,"116,43"
29/11/2021,"116,65"
30/11/2021,"111,65"
01/12/2021,"109,39"
02/12/2021,"108,9"
03/12/2021,"109,3"
04/12/2021,"110,19"
05/12/2021,"111,04"
06/12/2021,"112,01"
07/12/2021,"111,27"
08/12/2021,"111,55"
09/12/2021,"106,59"
10/12/2021,"106,23"
11/12/2021,"106,44"
12/12/2021,"106,59"
13/12/2021,"106,81"
14/12/2021,"105,9"
15/12/2021,"105,79"
16/12/2021,"109,68"
17/12/2021,"107,3"
18/12/2021,"106,85"
19/12/2021,"106,29"
20/12/2021,"105,54"
21/12/2021,"107,27"
22/12/2021,"108,83"
23/12/2021,"109,12"
24/12/2021,"109,88"
25/12/2021,"110,61"
26/12/2021,"111,34"
27/12/2021,"112,28"
28/12/2021,"110,05"
29/12/2021,"112,99"
30/12/2021,"114,34"
31/12/2021,"112,6"
01/01/2022,"113,17"
02/01/2022,"113,63"
03/01/2022,"113,23"
04/01/2022,"116,39"
05/01/2022,"116,28"
06/01/2022,"114,72"
07/01/2022,"115,12"
08/01/2022,"115,16"
09/01/2022,"115,22"
10/01/2022,"115,22"
11/01/2022,"116,02"
12/01/2022,"117,64"
13/01/2022,"116,84"
14/01/2022,"119,7"
15/01/2022,"119,96"
16/01/2022,"120,39"
17/01/2022,"120,82"
18/01/2022,"121,08"
19/01/2022,"123,95"
20/01/2022,"122,87"
21/01/2022,"120,75"
22/01/2022,"120,75"
23/01/2022,"120,6"
24/01/2022,"120,38"
25/01/2022,"120,92"
26/01/2022,"122,33"
27/01/2022,"121,63"
28/01/2022,"123,76"
29/01/2022,"124,95"
30/01/2022,"126,2"
31/01/2022,"127,57"
01/02/2022,"127,33"
02/02/2022,"126,33"
03/02/2022,"127,62"
04/02/2022,"126,74"
05/02/2022,"126,42"
06/02/2022,"126,07"
07/02/2022,"125,57"
08/02/2022,"127,15"
09/02/2022,"126,43"
10/02/2022,"125,66"
11/02/2022,"125,28"
12/02/2022,"124,5"
13/02/2022,"123,75"
14/02/2022,"122,93"
15/02/2022,"123,04"
16/02/2022,"121,91"
17/02/2022,"121,93"
18/02/2022,"122,99"
19/02/2022,"122,47"
20/02/2022,"122,06"
21/02/2022,"121,65"
22/02/2022,"121,11"
23/02/2022,"122,4"
24/02/2022,"122,59"
25/02/2022,"122,12"
26/02/2022,"122,39"
27/02/2022,"122,6"
28/02/2022,"122,57"
01/03/2022,"126,35"
02/03/2022,"122,04"
03/03/2022,"123,55"
04/03/2022,"120,2"
05/03/2022,"120,56"
06/03/2022,"120,66"
07/03/2022,"120,66"
08/03/2022,"122,17"
09/03/2022,"121,67"
10/03/2022,"116,86"
11/03/2022,"121,03"
12/03/2022,"120,06"
13/03/2022,"119,44"
14/03/2022,"118,77"
15/03/2022,"118,6"
16/03/2022,"119,8"
17/03/2022,"121,86"
18/03/2022,"126,86"
19/03/2022,"127,68"
20/03/2022,"128,8"
21/03/2022,"130,01"
22/03/2022,"130,04"
23/03/2022,"130,03"
24/03/2022,"130,9"
25/03/2022,"135,9"
26/03/2022,"136,68"
27/03/2022,"137,75"
28/03/2022,"139,07"
29/03/2022,"136,81"
30/03/2022,"139,84"
31/03/2022,"135,69"
01/04/2022,"134,55"
02/04/2022,"135,77"
03/04/2022,"136,79"
04/04/2022,"137,94"
05/04/2022,"137,53"
06/04/2022,"135,69"
07/04/2022,"133,2"
08/04/2022,"132,41"
09/04/2022,"133,54"
10/04/2022,"134,51"
11/04/2022,"135,29"
12/04/2022,"138,51"
13/04/2022,"142,77"
14/04/2022,"141,98"
15/04/2022,"142,62"
16/04/2022,"143,19"
17/04/2022,"143,75"
18/04/2022,"144,74"
19/04/2022,"139,68"
20/04/2022,"140,39"
21/04/2022,"138,59"
22/04/2022,"139,46"
23/04/2022,"140,13"
24/04/2022,"140,8"
25/04/2022,"141,41"
26/04/2022,"142,53"
27/04/2022,"146,08"
28/04/2022,"153,08"
29/04/2022,"152,33"
30/04/2022,"153,9"
01/05/2022,"155,34"
02/05/2022,"157,16"
03/05/2022,"153,33"
04/05/2022,"158,02"
05/05/2022,"152,02"
06/05/2022,"146,87"
07/05/2022,"145,8"
08/05/2022,"144,43"
09/05/2022,"142,93"
10/05/2022,"142,94"
11/05/2022,"143,6"
12/05/2022,"145,53"
13/05/2022,"145,2"
14/05/2022,"147,01"
15/05/2022,"148,67"
16/05/2022,"150,65"
17/05/2022,"148,46"
18/05/2022,"144,47"
19/05/2022,"147,7"
20/05/2022,"142,27"
21/05/2022,"142,67"
22/05/2022,"142,67"
23/05/2022,"142,75"
24/05/2022,"141,54"
25/05/2022,"145,16"
26/05/2022,"140,61"
27/05/2022,"139,42"
28/05/2022,"139,34"
29/05/2022,"139,16"
30/05/2022,"138,97"
31/05/2022,"138,98"
01/06/2022,"136,06"
02/06/2022,"139,11"
03/06/2022,"138,18"
04/06/2022,"138,05"
05/06/2022,"137,89"
06/06/2022,"137,74"
07/06/2022,"136,95"
08/06/2022,"140,62"
09/06/2022,"146,51"
10/06/2022,"145,06"
11/06/2022,"145,26"
12/06/2022,"145,37"
13/06/2022,"145,66"
14/06/2022,"143,48"
15/06/2022,"143,18"
16/06/2022,"143,53"
17/06/2022,"143,45"
18/06/2022,"143,45"
19/06/2022,"143,45"
20/06/2022,"143,44"
21/06/2022,"143,51"
22/06/2022,"143,32"
23/06/2022,"136,32"
24/06/2022,"103,76"
25/06/2022,"104,26"
26/06/2022,"102,38"
27/06/2022,"100,35"
28/06/2022,"100,12"
29/06/2022,"104,28"
30/06/2022,"103,94"
01/07/2022,"103,68"
02/07/2022,"102,56"
03/07/2022,"101,51"
04/07/2022,"100,46"
05/07/2022,"99,68"
06/07/2022,"94,69"
07/07/2022,"98,12"
08/07/2022,"102,61"
09/07/2022,"102,2"
10/07/2022,"102,16"
11/07/2022,"102,44"
12/07/2022,"98,44"
13/07/2022,"95,41"
14/07/2022,"91,41"
15/07/2022,"96,41"
16/07/2022,"97,54"
17/07/2022,"98,92"
18/07/2022,"100,42"
19/07/2022,"100,2"
20/07/2022,"100,38"
21/07/2022,"99,6"
22/07/2022,"99,43"
23/07/2022,"98,85"
24/07/2022,"98,29"
25/07/2022,"97,52"
26/07/2022,"99,69"
27/07/2022,"99,83"
28/07/2022,"102,37"
29/07/2022,"103,13"
30/07/2022,"102,12"
31/07/2022,"101,26"
01/08/2022,"100,29"
02/08/2022,"100,87"
03/08/2022,"100,36"
04/08/2022,"100,12"
05/08/2022,"101,68"
06/08/2022,"101,65"
07/08/2022,"101,73"
08/08/2022,"101,58"
09/08/2022,"104,54"
10/08/2022,"106,75"
11/08/2022,"110,44"
12/08/2022,"114,44"
13/08/2022,116
14/08/2022,"117,74"
15/08/2022,"119,44"
16/08/2022,"122,25"
17/08/2022,"118,32"
18/08/2022,"117,12"
19/08/2022,"119,75"
20/08/2022,"118,95"
21/08/2022,"118,38"
22/08/2022,"117,89"
23/08/2022,"116,26"
24/08/2022,"117,57"
25/08/2022,"117,18"
26/08/2022,"122,12"
27/08/2022,"121,72"
28/08/2022,"121,7"
29/08/2022,"122,02"
30/08/2022,"117,47"
31/08/2022,"118,29"
01/09/2022,"113,29"
02/09/2022,"108,39"
03/09/2022,"108,62"
04/09/2022,"108,46"
05/09/2022,"108,31"
06/09/2022,"108,29"
07/09/2022,"106,1"
08/09/2022,"108,32"
09/09/2022,"109,52"
10/09/2022,"109,59"
11/09/2022,"109,75"
12/09/2022,"110,21"
13/09/2022,"106,32"
14/09/2022,"107,09"
15/09/2022,"105,24"
16/09/2022,"101,24"
17/09/2022,"100,09"
18/09/2022,"98,73"
19/09/2022,"97,54"
20/09/2022,"93,54"
21/09/2022,"97,25"
22/09/2022,"96,83"
23/09/2022,"94,49"
24/09/2022,"93,17"
25/09/2022,"91,79"
26/09/2022,"90,32"
27/09/2022,"90,04"
28/09/2022,"90,44"
29/09/2022,"87,11"
30/09/2022,"93,22"
01/10/2022,"92,65"
02/10/2022,"92,54"
03/10/2022,"92,14"
04/10/2022,"96,14"
05/10/2022,"91,23"
06/10/2022,"90,9"
07/10/2022,"92,23"
08/10/2022,"90,81"
09/10/2022,"89,58"
10/10/2022,"88,23"
11/10/2022,"88,86"
12/10/2022,"84,92"
13/10/2022,"84,79"
14/10/2022,"83,15"
15/10/2022,"83,18"
16/10/2022,"83,1"
17/10/2022,"83,09"
18/10/2022,"82,29"
19/10/2022,"78,29"
20/10/2022,"77,4"
21/10/2022,"79,13"
22/10/2022,"78,08"
23/10/2022,"77,23"
24/10/2022,"76,13"
25/10/2022,"78,47"
26/10/2022,"77,82"
27/10/2022,"75,11"
28/10/2022,"72,11"
29/10/2022,"72,32"
30/10/2022,"72,29"
31/10/2022,72
01/11/2022,75
02/11/2022,79
03/11/2022,83
04/11/2022,"86,93"
05/11/2022,"86,91"
06/11/2022,"87,19"
07/11/2022,"87,49"
08/11/2022,"87,68"
09/11/2022,"86,5"
10/11/2022,"86,38"
11/11/2022,"88,2"
12/11/2022,"87,2"
13/11/2022,"86,4"
14/11/2022,"85,28"
15/11/2022,"88,74"
16/11/2022,"88,44"
17/11/2022,"87,04"
18/11/2022,"85,16"
19/11/2022,"83,95"
20/11/2022,"82,69"
21/11/2022,"81,16"
22/11/2022,"83,22"
23/11/2022,"83,94"
24/11/2022,"82,6"
25/11/2022,"81,34"
26/11/2022,"81,06"
27/11/2022,"80,71"
28/11/2022,"80,2"
29/11/2022,"81,6"
30/11/2022,"86,05"
01/12/2022,"85,93"
02/12/2022,"84,28"
03/12/2022,"84,59"
04/12/2022,"84,77"
05/12/2022,"84,94"
06/12/2022,"85,39"
07/12/2022,"82,61"
08/12/2022,"80,85"
09/12/2022,"80,95"
10/12/2022,"80,48"
11/12/2022,"80,04"
12/12/2022,"79,39"
13/12/2022,"81,63"
14/12/2022,"81,37"
15/12/2022,"81,03"
16/12/2022,"81,92"
17/12/2022,"82,71"
18/12/2022,"83,51"
19/12/2022,"84,08"
20/12/2022,"87,84"
21/12/2022,"88,3"
22/12/2022,"84,3"
23/12/2022,"85,21"
24/12/2022,"84,9"
25/12/2022,"84,66"
26/12/2022,"84,42"
27/12/2022,"84,24"
28/12/2022,"83,26"
29/12/2022,"82,64"
30/12/2022,"83,37"
31/12/2022,"83,22"
01/01/2023,"83,13"
02/01/2023,"83,04"
03/01/2023,"83,14"
04/01/2023,"80,44"
05/01/2023,"82,58"
06/01/2023,"85,68"
07/01/2023,"85,66"
08/01/2023,"85,87"
09/01/2023,"86,22"
10/01/2023,"84,76"
11/01/2023,"84,26"
12/01/2023,"82,04"
13/01/2023,"82,29"
14/01/2023,"82,46"
15/01/2023,"82,62"
16/01/2023,"82,79"
17/01/2023,"82,82"
18/01/2023,"84,81"
19/01/2023,"83,39"
20/01/2023,"86,7"
21/01/2023,"86,75"
22/01/2023,"87,01"
23/01/2023,"87,39"
24/01/2023,"86,24"
25/01/2023,"86,66"
26/01/2023,"87,5"
27/01/2023,"86,89"
28/01/2023,"86,33"
29/01/2023,"85,78"
30/01/2023,"85,1"
31/01/2023,"86,22"
01/02/2023,"85,61"
02/02/2023,"86,39"
03/02/2023,"85,43"
04/02/2023,"84,8"
05/02/2023,"84,15"
06/02/2023,"83,27"
07/02/2023,"85,63"
08/02/2023,"85,37"
09/02/2023,"85,5"
10/02/2023,"85,27"
11/02/2023,"85,4"
12/02/2023,"85,5"
13/02/2023,"85,64"
14/02/2023,"85,4"
15/02/2023,"82,55"
16/02/2023,"81,25"
17/02/2023,"80,25"
18/02/2023,"80,51"
19/02/2023,"80,68"
20/02/2023,"80,84"
21/02/2023,"80,92"
22/02/2023,"82,25"
23/02/2023,"82,41"
24/02/2023,"85,13"
25/02/2023,"84,93"
26/02/2023,"84,93"
27/02/2023,85
28/02/2023,"84,19"
01/03/2023,"84,57"
02/03/2023,"82,85"
03/03/2023,"84,37"
04/03/2023,"84,42"
05/03/2023,"84,56"
06/03/2023,"84,86"
07/03/2023,"82,89"
08/03/2023,"82,74"
09/03/2023,"82,3"
10/03/2023,"78,18"
11/03/2023,"79,42"
12/03/2023,"80,26"
13/03/2023,"81,18"
14/03/2023,"81,37"
15/03/2023,"79,11"
16/03/2023,"79,16"
17/03/2023,"77,83"
18/03/2023,"77,71"
19/03/2023,"77,5"
20/03/2023,"77,22"
21/03/2023,"77,85"
22/03/2023,"78,28"
23/03/2023,"77,58"
24/03/2023,"76,54"
25/03/2023,"77,69"
26/03/2023,"78,68"
27/03/2023,"79,52"
28/03/2023,"82,52"
29/03/2023,"82,76"
30/03/2023,"83,5"
31/03/2023,"82,78"
01/04/2023,"82,64"
02/04/2023,"82,47"
03/04/2023,"82,38"
04/04/2023,"81,05"
05/04/2023,"81,07"
06/04/2023,"83,2"
07/04/2023,"82,89"
08/04/2023,"82,75"
09/04/2023,"82,62"
10/04/2023,"82,45"
11/04/2023,"82,75"
12/04/2023,"82,45"
13/04/2023,"83,35"
14/04/2023,"82,86"
15/04/2023,"83,06"
16/04/2023,"83,22"
17/04/2023,"83,3"
18/04/2023,"84,55"
19/04/2023,"83,24"
20/04/2023,"79,24"
21/04/2023,"78,41"
22/04/2023,"78,61"
23/04/2023,"78,71"
24/04/2023,"78,98"
25/04/2023,77
26/04/2023,"76,51"
27/04/2023,"78,63"
28/04/2023,"79,03"
29/04/2023,"79,15"
30/04/2023,"79,3"
01/05/2023,"79,54"
02/05/2023,"78,6"
03/05/2023,"76,99"
04/05/2023,"79,99"
05/05/2023,"82,13"
06/05/2023,"81,79"
07/05/2023,"81,65"
08/05/2023,"81,53"
09/05/2023,"80,99"
10/05/2023,"80,76"
11/05/2023,"79,62"
12/05/2023,"80,53"
13/05/2023,"81,15"
14/05/2023,"81,78"
15/05/2023,"82,37"
16/05/2023,"83,38"
17/05/2023,"86,94"
18/05/2023,"86,66"
19/05/2023,"86,72"
20/05/2023,"86,21"
21/05/2023,"85,74"
22/05/2023,"85,32"
23/05/2023,"84,35"
24/05/2023,"81,72"
25/05/2023,"80,12"
26/05/2023,"83,35"
27/05/2023,"83,34"
28/05/2023,"83,54"
29/05/2023,"83,75"
30/05/2023,"83,99"
31/05/2023,"83,48"
01/06/2023,"86,42"
02/06/2023,"86,05"
03/06/2023,"85,64"
04/06/2023,"85,25"
05/06/2023,"84,79"
06/06/2023,"85,34"
07/06/2023,"85,01"
08/06/2023,"84,31"
09/06/2023,"84,04"
10/06/2023,"83,85"
11/06/2023,"83,64"
12/06/2023,"83,49"
13/06/2023,"82,72"
14/06/2023,"81,79"
15/06/2023,"80,64"
16/06/2023,"81,46"
17/06/2023,"81,18"
18/06/2023,"80,98"
19/06/2023,"80,78"
20/06/2023,"80,66"
21/06/2023,"79,31"
22/06/2023,"79,29"
23/06/2023,"78,06"
24/06/2023,"77,8"
25/06/2023,"77,48"
26/06/2023,"77,07"
27/06/2023,"77,64"
28/06/2023,"80,12"
29/06/2023,"81,25"
30/06/2023,"82,84"
01/07/2023,"82,94"
02/07/2023,"83,16"
03/07/2023,"83,43"
04/07/2023,"82,94"
05/07/2023,"82,45"
06/07/2023,"82,88"
07/07/2023,"81,2"
08/07/2023,"80,93"
09/07/2023,"80,57"
10/07/2023,"79,95"
11/07/2023,"82,95"
12/07/2023,"82,51"
13/07/2023,"82,79"
14/07/2023,"82,66"
15/07/2023,"82,96"
16/07/2023,"83,23"
17/07/2023,"83,49"
18/07/2023,"83,78"
19/07/2023,"85,62"
20/07/2023,"85,93"
21/07/2023,"85,08"
22/07/2023,"85,37"
23/07/2023,"85,58"
24/07/2023,"85,58"
25/07/2023,"88,55"
26/07/2023,"89,98"
27/07/2023,"86,62"
28/07/2023,"85,06"
29/07/2023,"85,31"
30/07/2023,"85,42"
31/07/2023,"85,44"
01/08/2023,"86,87"
02/08/2023,"85,08"
03/08/2023,"85,28"
04/08/2023,"85,27"
05/08/2023,"85,65"
06/08/2023,"85,99"
07/08/2023,"86,38"
08/08/2023,"86,2"
09/08/2023,"86,11"
10/08/2023,"87,29"
11/08/2023,"89,29"
12/08/2023,"88,58"
13/08/2023,"88,08"
14/08/2023,"87,65"
15/08/2023,"86,2"
16/08/2023,"85,32"
17/08/2023,"84,36"
18/08/2023,"84,32"
19/08/2023,"84,39"
20/08/2023,"84,45"
21/08/2023,"84,46"
22/08/2023,"84,99"
23/08/2023,"86,21"
24/08/2023,"86,09"
25/08/2023,"87,51"
26/08/2023,"87,29"
27/08/2023,"87,19"
28/08/2023,"87,07"
29/08/2023,"87,09"
30/08/2023,"88,28"
31/08/2023,"88,1"
01/09/2023,"89,61"
02/09/2023,"89,06"
03/09/2023,"88,66"
04/09/2023,"88,27"
05/09/2023,88
06/09/2023,86
07/09/2023,"83,62"
08/09/2023,"84,41"
09/09/2023,"85,27"
10/09/2023,"86,1"
11/09/2023,"86,97"
12/09/2023,"87,49"
13/09/2023,"85,67"
14/09/2023,"86,47"
15/09/2023,"85,39"
16/09/2023,"85,51"
17/09/2023,"85,54"
18/09/2023,"85,54"
19/09/2023,"86,06"
20/09/2023,"85,37"
21/09/2023,"84,87"
22/09/2023,"84,04"
23/09/2023,"84,94"
24/09/2023,"85,72"
25/09/2023,"86,42"
26/09/2023,"88,18"
27/09/2023,"88,4"
28/09/2023,"88,73"
29/09/2023,"86,86"
30/09/2023,"87,15"
01/10/2023,"87,29"
02/10/2023,"87,46"
03/10/2023,"87,14"
04/10/2023,"86,72"
05/10/2023,"86,25"
06/10/2023,"86,85"
07/10/2023,"86,73"
08/10/2023,"86,65"
09/10/2023,"86,67"
10/10/2023,"85,45"
11/10/2023,"85,05"
12/10/2023,"84,92"
13/10/2023,"86,06"
14/10/2023,"85,64"
15/10/2023,"85,34"
16/10/2023,"85,15"
17/10/2023,"83,23"
18/10/2023,"84,24"
19/10/2023,"84,27"
20/10/2023,"82,4"
21/10/2023,"82,93"
22/10/2023,"83,29"
23/10/2023,"83,73"
24/10/2023,"82,93"
25/10/2023,"83,81"
26/10/2023,"84,59"
27/10/2023,"84,38"
28/10/2023,"83,84"
29/10/2023,"83,33"
30/10/2023,"82,91"
31/10/2023,"81,22"
01/11/2023,"79,44"
02/11/2023,"79,8"
03/11/2023,"79,62"
04/11/2023,"79,03"
05/11/2023,"78,48"
06/11/2023,78
07/11/2023,"76,48"
08/11/2023,"74,89"
09/11/2023,"76,52"
10/11/2023,"77,32"
11/11/2023,"77,36"
12/11/2023,"77,46"
13/11/2023,"77,48"
14/11/2023,"78,68"
15/11/2023,"78,41"
16/11/2023,"78,68"
17/11/2023,"78,92"
18/11/2023,"78,57"
19/11/2023,"78,27"
20/11/2023,"77,97"
21/11/2023,"77,34"
22/11/2023,"79,58"
23/11/2023,"79,88"
24/11/2023,"80,39"
25/11/2023,"79,75"
26/11/2023,"79,19"
27/11/2023,"78,59"
28/11/2023,"78,6"
29/11/2023,"78,59"
30/11/2023,"79,4"
01/12/2023,"78,42"
02/12/2023,"78,24"
03/12/2023,"78,01"
04/12/2023,"77,68"
05/12/2023,"78,68"
06/12/2023,"78,75"
07/12/2023,"82,59"
08/12/2023,"81,44"
09/12/2023,"81,65"
10/12/2023,"81,78"
11/12/2023,82
12/12/2023,"81,05"
13/12/2023,"81,18"
14/12/2023,"80,81"
15/12/2023,"79,93"
16/12/2023,"79,7"
17/12/2023,"79,42"
18/12/2023,"79,1"
19/12/2023,"79,46"
20/12/2023,"79,21"
21/12/2023,"79,13"
22/12/2023,"79,76"
23/12/2023,"79,81"
24/12/2023,"79,9"
25/12/2023,"79,99"
26/12/2023,"80,05"
27/12/2023,"80,53"
28/12/2023,"80,95"
29/12/2023,81
30/12/2023,"80,74"
31/12/2023,"80,5"
01/01/2024,"80,27"
02/01/2024,"79,94"
03/01/2024,"80,93"
04/01/2024,"80,12"
05/01/2024,"80,19"
06/01/2024,"80,28"
07/01/2024,"80,35"
08/01/2024,"80,42"
09/01/2024,"80,73"
10/01/2024,"80,18"
11/01/2024,"81,36"
12/01/2024,"81,31"
13/01/2024,"81,32"
14/01/2024,"81,34"
15/01/2024,"81,35"
16/01/2024,"81,33"
17/01/2024,"81,7"
18/01/2024,"82,51"
19/01/2024,"83,95"
20/01/2024,"84,17"
21/01/2024,"84,48"
22/01/2024,"84,83"
23/01/2024,"84,6"
24/01/2024,"85,4"
25/01/2024,"85,76"
26/01/2024,"84,37"
27/01/2024,"84,42"
28/01/2024,"84,36"
29/01/2024,"84,26"
30/01/2024,"84,78"
31/01/2024,"85,17"
01/02/2024,"86,49"
02/02/2024,"87,11"
03/02/2024,"87,06"
04/02/2024,"87,07"
05/02/2024,"87,04"
06/02/2024,"87,54"
07/02/2024,"88,47"
08/02/2024,"89,1"
09/02/2024,"91,78"
10/02/2024,"91,25"
11/02/2024,"90,94"
12/02/2024,"90,53"
13/02/2024,"91,52"
14/02/2024,"93,48"
15/02/2024,"94,63"
16/02/2024,"93,87"
17/02/2024,"93,24"
18/02/2024,"92,61"
19/02/2024,"91,99"
20/02/2024,"91,19"
21/02/2024,"92,6"
22/02/2024,"94,2"
23/02/2024,"94,93"
24/02/2024,"95,56"
25/02/2024,"96,21"
26/02/2024,"96,58"
27/02/2024,"100,75"
28/02/2024,"103,07"
29/02/2024,"101,56"
01/03/2024,"97,56"
02/03/2024,"98,06"
03/03/2024,"98,23"
04/03/2024,"98,44"
05/03/2024,"98,1"
06/03/2024,"99,14"
07/03/2024,"99,28"
08/03/2024,"95,28"
09/03/2024,"95,41"
10/03/2024,"95,25"
11/03/2024,"95,06"
12/03/2024,"95,23"
13/03/2024,"94,9"
14/03/2024,"93,48"
15/03/2024,"93,94"
16/03/2024,"94,1"
17/03/2024,"94,28"
18/03/2024,"94,57"
19/03/2024,"93,34"
20/03/2024,"92,18"
21/03/2024,"92,21"
22/03/2024,"91,53"
23/03/2024,"91,76"
24/03/2024,"91,93"
25/03/2024,"92,02"
26/03/2024,"93,41"
27/03/2024,"90,77"
28/03/2024,"91,38"
29/03/2024,"91,67"
30/03/2024,"91,97"
31/03/2024,"92,27"
01/04/2024,"92,76"
02/04/2024,"90,81"
03/04/2024,"88,98"
04/04/2024,"87,14"
05/04/2024,"86,25"
06/04/2024,"86,42"
07/04/2024,"86,51"
08/04/2024,"86,65"
09/04/2024,"86,04"
10/04/2024,"85,31"
11/04/2024,"83,37"
12/04/2024,"82,62"
13/04/2024,"82,72"
14/04/2024,"82,76"
15/04/2024,"82,93"
16/04/2024,"81,29"
17/04/2024,"79,56"
18/04/2024,"78,1"
19/04/2024,"78,69"
20/04/2024,"79,13"
21/04/2024,"79,57"
22/04/2024,"80,04"
23/04/2024,"80,22"
24/04/2024,"79,51"
25/04/2024,"79,58"
26/04/2024,"79,4"
27/04/2024,"79,56"
28/04/2024,"79,7"
29/04/2024,"80,02"
30/04/2024,"77,92"
01/05/2024,"75,81"
02/05/2024,"74,92"
03/05/2024,"77,36"
04/05/2024,"76,99"
05/05/2024,"76,81"
06/05/2024,"76,56"
07/05/2024,77
08/05/2024,"80,06"
09/05/2024,"78,6"
10/05/2024,"77,31"
11/05/2024,"77,41"
12/05/2024,"77,41"
13/05/2024,"77,63"
14/05/2024,"74,63"
15/05/2024,"75,41"
16/05/2024,"76,24"
17/05/2024,"75,89"
18/05/2024,"75,97"
19/05/2024,"76,02"
20/05/2024,"76,03"
21/05/2024,"76,38"
22/05/2024,"79,38"
23/05/2024,"81,72"
24/05/2024,"80,52"
25/05/2024,"81,04"
26/05/2024,"81,45"
27/05/2024,"81,86"
28/05/2024,"82,43"
29/05/2024,"81,1"
30/05/2024,"77,76"
31/05/2024,"76,15"
01/06/2024,"75,23"
02/06/2024,"74,25"
03/06/2024,"73,15"
04/06/2024,"73,48"
05/06/2024,"74,44"
06/06/2024,"75,44"
07/06/2024,"73,84"
08/06/2024,"73,24"
09/06/2024,"72,59"
10/06/2024,"71,81"
11/06/2024,"72,73"
12/06/2024,"71,74"
13/06/2024,"71,35"
14/06/2024,"70,97"
15/06/2024,"70,67"
16/06/2024,"70,36"
17/06/2024,"69,94"
18/06/2024,"71,03"
19/06/2024,"70,8"
20/06/2024,"70,85"
21/06/2024,"68,19"
22/06/2024,"69,42"
23/06/2024,"70,36"
24/06/2024,"71,29"
25/06/2024,"72,6"
26/06/2024,"72,7"
27/06/2024,"72,02"
28/06/2024,"69,81"
29/06/2024,"69,99"
30/06/2024,70
01/07/2024,"70,07"
02/07/2024,"69,33"
03/07/2024,"68,68"
04/07/2024,"68,02"
05/07/2024,"67,31"
06/07/2024,"67,35"
07/07/2024,"67,33"
08/07/2024,"67,32"
09/07/2024,"66,96"
10/07/2024,"69,33"
11/07/2024,"69,06"
12/07/2024,"68,92"
13/07/2024,"69,58"
14/07/2024,"70,18"
15/07/2024,"70,86"
16/07/2024,"70,37"
17/07/2024,"71,12"
18/07/2024,"71,37"
19/07/2024,"69,98"
20/07/2024,"70,04"
21/07/2024,"70,01"
22/07/2024,"70,13"
23/07/2024,"68,03"
24/07/2024,"67,01"
25/07/2024,"67,21"
26/07/2024,"66,07"
27/07/2024,"66,64"
28/07/2024,"67,08"
29/07/2024,"67,51"
30/07/2024,"68,15"
31/07/2024,"67,98"
01/08/2024,"66,88"
02/08/2024,"67,18"
03/08/2024,"66,95"
04/08/2024,"66,74"
05/08/2024,"66,55"
06/08/2024,"66,2"
07/08/2024,"66,47"
08/08/2024,"65,79"
09/08/2024,"67,09"
10/08/2024,"67,4"
11/08/2024,"67,78"
12/08/2024,"68,29"
13/08/2024,"67,1"
14/08/2024,"66,18"
15/08/2024,"66,34"
16/08/2024,"66,46"
17/08/2024,67
18/08/2024,"67,5"
19/08/2024,"67,98"
20/08/2024,"68,8"
21/08/2024,"69,71"
22/08/2024,"69,59"
23/08/2024,"71,29"
24/08/2024,"70,95"
25/08/2024,"70,75"
26/08/2024,"70,58"
27/08/2024,"70,02"
28/08/2024,"68,74"
29/08/2024,"70,13"
30/08/2024,"69,79"
31/08/2024,"70,04"
01/09/2024,"70,25"
02/09/2024,"70,46"
03/09/2024,"70,76"
04/09/2024,"69,89"
05/09/2024,"69,49"
06/09/2024,"67,12"
07/09/2024,"67,4"
08/09/2024,"67,49"
09/09/2024,"67,54"
10/09/2024,"68,08"
11/09/2024,"69,31"
12/09/2024,"70,05"
13/09/2024,"69,48"
14/09/2024,"70,26"
15/09/2024,"70,94"
16/09/2024,"71,75"
17/09/2024,"70,81"
18/09/2024,"69,68"
19/09/2024,"71,58"
20/09/2024,"72,21"
21/09/2024,"72,04"
22/09/2024,"71,93"
23/09/2024,"71,7"
24/09/2024,"73,1"
25/09/2024,"74,02"
26/09/2024,"73,86"
27/09/2024,"73,54"
28/09/2024,"73,55"
29/09/2024,"73,53"
30/09/2024,"73,56"
01/10/2024,73
02/10/2024,"73,16"
03/10/2024,"72,49"
04/10/2024,"73,03"
05/10/2024,"73,06"
06/10/2024,"73,13"
07/10/2024,"73,29"
08/10/2024,"72,03"
09/10/2024,"72,01"
10/10/2024,"72,66"
11/10/2024,"72,21"
12/10/2024,"71,82"
13/10/2024,"71,43"
14/10/2024,"71,03"
15/10/2024,"70,62"
16/10/2024,"71,26"
17/10/2024,"70,76"
18/10/2024,"70,99"
19/10/2024,"71,39"
20/10/2024,"71,78"
21/10/2024,"72,2"
22/10/2024,"72,08"
23/10/2024,"72,51"
24/10/2024,"71,53"
25/10/2024,"70,66"
26/10/2024,"70,61"
27/10/2024,"70,49"
28/10/2024,"70,36"
29/10/2024,"70,56"
30/10/2024,"69,92"
31/10/2024,"69,57"
01/11/2024,"70,17"
02/11/2024,"70,06"
03/11/2024,70
04/11/2024,"69,93"
05/11/2024,"69,95"
06/11/2024,"69,69"
07/11/2024,"71,05"
08/11/2024,"70,98"
09/11/2024,"70,51"
10/11/2024,"70,08"
11/11/2024,"69,69"
12/11/2024,"68,77"
13/11/2024,"68,9"
14/11/2024,"68,32"
15/11/2024,"66,8"
16/11/2024,"66,83"
17/11/2024,"66,74"
18/11/2024,"66,62"
19/11/2024,"66,89"
20/11/2024,"68,46"
21/11/2024,"69,19"
22/11/2024,"71,65"
23/11/2024,"72,06"
24/11/2024,"72,61"
25/11/2024,"73,2"
26/11/2024,"73,37"
27/11/2024,"73,57"
28/11/2024,"73,44"
29/11/2024,"73,35"
30/11/2024,"73,05"
01/12/2024,"72,76"
02/12/2024,"72,43"
03/12/2024,"72,69"
04/12/2024,"72,6"
05/12/2024,"72,39"
06/12/2024,"71,4"
07/12/2024,"70,94"
08/12/2024,"70,45"
09/12/2024,"69,95"
10/12/2024,"69,48"
11/12/2024,"70,15"
12/12/2024,"70,09"
13/12/2024,"69,27"
14/12/2024,"69,23"
15/12/2024,"69,13"
16/12/2024,"69,06"
17/12/2024,"68,69"
18/12/2024,"68,08"
19/12/2024,"67,91"
20/12/2024,"68,06"
21/12/2024,"68,5"
22/12/2024,"68,92"
23/12/2024,"69,42"
24/12/2024,"68,78"
25/12/2024,"68,79"
26/12/2024,"68,75"
27/12/2024,"68,89"
28/12/2024,"68,74"
29/12/2024,"68,61"
30/12/2024,"68,48"
31/12/2024,"68,4"
01/01/2025,"68,45"
02/01/2025,"68,57"
03/01/2025,"67,66"
04/01/2025,"68,05"
05/01/2025,"68,35"
06/01/2025,"68,68"
07/01/2025,"68,51"
08/01/2025,"68,23"
09/01/2025,"68,5"
10/01/2025,"67,01"
11/01/2025,"67,3"
12/01/2025,"67,46"
13/01/2025,"67,64"
14/01/2025,"67,5"
15/01/2025,"67,77"
16/01/2025,"66,73"
17/01/2025,"67,6"
18/01/2025,"67,56"
19/01/2025,"67,58"
20/01/2025,"67,6"
21/01/2025,"67,66"
22/01/2025,"67,14"
23/01/2025,"67,47"
24/01/2025,"67,61"
25/01/2025,"67,48"
26/01/2025,"67,37"
27/01/2025,"67,27"
28/01/2025,"66,98"
29/01/2025,"66,66"
30/01/2025,"66,27"
31/01/2025,"65,88"
01/02/2025,"65,98"
02/02/2025,"66,04"
03/02/2025,"66,04"
04/02/2025,"66,94"
05/02/2025,"66,04"
06/02/2025,"66,03"
07/02/2025,"65,63"
08/02/2025,"66,38"
09/02/2025,"67,05"
10/02/2025,"67,71"
11/02/2025,"68,45"
12/02/2025,"68,57"
13/02/2025,"67,98"
14/02/2025,"68,31"
15/02/2025,"68,4"
16/02/2025,"68,51"
17/02/2025,"68,62"
18/02/2025,"68,82"
19/02/2025,"67,68"
20/02/2025,"67,47"
21/02/2025,"67,34"
22/02/2025,"67,53"
23/02/2025,"67,7"
24/02/2025,"67,88"
25/02/2025,"67,83"
26/02/2025,"66,89"
27/02/2025,                 65.25
28/02/2025,                 66.60
01/03/2025,0
02/03/2025,0
03/05/2025,63.67
03/04/2025,63.24
03/03/2025,65.51
05/03/2025,63.67